activity_site_id,activity_description,booking_end_datetime,booking_start_time,max_bookees,number_booked,price_inr,year,month,day,day_name
HXP,20-20-20  2.45pm-3.45pm,2018-04-08,14:45:00,25,12,499.0,2018,4,8,Sunday
HXP,20-20-20  2.45pm-3.45pm,2018-04-15,14:45:00,25,15,499.0,2018,4,15,Sunday
HXP,20-20-20  2.45pm-3.45pm,2018-04-22,14:45:00,25,14,499.0,2018,4,22,Sunday
HXP,20-20-20  2.45pm-3.45pm,2018-04-29,14:45:00,25,9,499.0,2018,4,29,Sunday
HXP,20-20-20  2.45pm-3.45pm,2018-05-06,14:45:00,25,7,499.0,2018,5,6,Sunday
HXP,20-20-20  2.45pm-3.45pm,2018-05-13,14:45:00,25,10,499.0,2018,5,13,Sunday
HXP,20-20-20  2.45pm-3.45pm,2018-05-20,14:45:00,25,7,499.0,2018,5,20,Sunday
HXP,20-20-20  2.45pm-3.45pm,2018-05-27,14:45:00,25,3,499.0,2018,5,27,Sunday
TSC,20-20-20 7.00-8.00pm,2018-04-04,19:00:00,24,10,499.0,2018,4,4,Wednesday
TSC,20-20-20 7.00-8.00pm,2018-04-11,19:00:00,24,12,499.0,2018,4,11,Wednesday
TSC,20-20-20 7.00-8.00pm,2018-04-18,19:00:00,24,9,499.0,2018,4,18,Wednesday
TSC,20-20-20 7.00-8.00pm,2018-04-25,19:00:00,24,5,499.0,2018,4,25,Wednesday
TSC,20-20-20 7.00-8.00pm,2018-05-02,19:00:00,24,6,499.0,2018,5,2,Wednesday
TSC,20-20-20 7.00-8.00pm,2018-05-09,19:00:00,24,5,499.0,2018,5,9,Wednesday
TSC,20-20-20 7.00-8.00pm,2018-05-16,19:00:00,24,6,499.0,2018,5,16,Wednesday
TSC,20-20-20 7.00-8.00pm,2018-05-23,19:00:00,24,6,499.0,2018,5,23,Wednesday
TSC,20-20-20 7.00-8.00pm,2018-05-30,19:00:00,24,7,499.0,2018,5,30,Wednesday
NBL,20-20-20 9.30-10.30am,2018-04-03,9:30:00,60,42,499.0,2018,4,3,Tuesday
NBL,20-20-20 9.30-10.30am,2018-04-10,9:30:00,60,34,499.0,2018,4,10,Tuesday
NBL,20-20-20 9.30-10.30am,2018-04-17,9:30:00,60,37,499.0,2018,4,17,Tuesday
NBL,20-20-20 9.30-10.30am,2018-04-24,9:30:00,60,33,499.0,2018,4,24,Tuesday
NBL,20-20-20 9.30-10.30am,2018-05-01,9:30:00,60,34,499.0,2018,5,1,Tuesday
NBL,20-20-20 9.30-10.30am,2018-05-08,9:30:00,60,28,499.0,2018,5,8,Tuesday
NBL,20-20-20 9.30-10.30am,2018-05-15,9:30:00,60,31,499.0,2018,5,15,Tuesday
NBL,20-20-20 9.30-10.30am,2018-05-22,9:30:00,60,31,499.0,2018,5,22,Tuesday
NBL,20-20-20 9.30-10.30am,2018-05-29,9:30:00,60,30,499.0,2018,5,29,Tuesday
SBP,20-20-20 9.30-10.30am,2018-04-04,9:30:00,35,18,499.0,2018,4,4,Wednesday
SBP,20-20-20 9.30-10.30am,2018-04-11,9:30:00,35,12,499.0,2018,4,11,Wednesday
SBP,20-20-20 9.30-10.30am,2018-04-18,9:30:00,35,14,499.0,2018,4,18,Wednesday
SBP,20-20-20 9.30-10.30am,2018-04-25,9:30:00,35,14,499.0,2018,4,25,Wednesday
SBP,20-20-20 9.30-10.30am,2018-05-02,9:30:00,35,12,499.0,2018,5,2,Wednesday
SBP,20-20-20 9.30-10.30am,2018-05-09,9:30:00,35,13,499.0,2018,5,9,Wednesday
SBP,20-20-20 9.30-10.30am,2018-05-16,9:30:00,35,11,499.0,2018,5,16,Wednesday
SBP,20-20-20 9.30-10.30am,2018-05-23,9:30:00,35,14,499.0,2018,5,23,Wednesday
SBP,20-20-20 9.30-10.30am,2018-05-30,9:30:00,35,7,499.0,2018,5,30,Wednesday
BRP,20:20:20  10-11 Am,2018-04-03,10:00:00,35,32,499.0,2018,4,3,Tuesday
BRP,20:20:20  10-11 Am,2018-04-10,10:00:00,35,26,499.0,2018,4,10,Tuesday
BRP,20:20:20  10-11 Am,2018-04-17,10:00:00,35,24,499.0,2018,4,17,Tuesday
BRP,20:20:20  10-11 Am,2018-04-24,10:00:00,35,23,499.0,2018,4,24,Tuesday
BRP,20:20:20  10-11 Am,2018-05-01,10:00:00,35,22,499.0,2018,5,1,Tuesday
BRP,20:20:20  10-11 Am,2018-05-08,10:00:00,35,30,499.0,2018,5,8,Tuesday
BRP,20:20:20  10-11 Am,2018-05-15,10:00:00,35,18,499.0,2018,5,15,Tuesday
BRP,20:20:20  10-11 Am,2018-05-22,10:00:00,35,24,499.0,2018,5,22,Tuesday
BRP,20:20:20  10-11 Am,2018-05-29,10:00:00,35,28,499.0,2018,5,29,Tuesday
BRP,20:20:20  10.00-11.00am,2018-04-05,10:00:00,35,25,499.0,2018,4,5,Thursday
BRP,20:20:20  10.00-11.00am,2018-04-12,10:00:00,35,23,499.0,2018,4,12,Thursday
BRP,20:20:20  10.00-11.00am,2018-04-19,10:00:00,35,21,499.0,2018,4,19,Thursday
BRP,20:20:20  10.00-11.00am,2018-04-26,10:00:00,35,29,499.0,2018,4,26,Thursday
BRP,20:20:20  10.00-11.00am,2018-05-03,10:00:00,35,20,499.0,2018,5,3,Thursday
BRP,20:20:20  10.00-11.00am,2018-05-10,10:00:00,35,24,499.0,2018,5,10,Thursday
BRP,20:20:20  10.00-11.00am,2018-05-17,10:00:00,35,29,499.0,2018,5,17,Thursday
BRP,20:20:20  10.00-11.00am,2018-05-31,10:00:00,35,14,499.0,2018,5,31,Thursday
HXP,20:20:20  11am -12noon,2018-04-07,11:00:00,25,10,499.0,2018,4,7,Saturday
HXP,20:20:20  11am -12noon,2018-04-14,11:00:00,25,10,499.0,2018,4,14,Saturday
HXP,20:20:20  11am -12noon,2018-04-28,11:00:00,25,11,499.0,2018,4,28,Saturday
HXP,20:20:20  11am -12noon,2018-05-05,11:00:00,25,13,499.0,2018,5,5,Saturday
HXP,20:20:20  11am -12noon,2018-05-12,11:00:00,25,16,499.0,2018,5,12,Saturday
HXP,20:20:20  11am -12noon,2018-05-19,11:00:00,25,10,499.0,2018,5,19,Saturday
HXP,20:20:20  11am -12noon,2018-05-26,11:00:00,25,6,499.0,2018,5,26,Saturday
BRP,20:20:20  9.30-10.30am,2018-04-06,9:30:00,35,26,499.0,2018,4,6,Friday
BRP,20:20:20  9.30-10.30am,2018-04-13,9:30:00,35,20,499.0,2018,4,13,Friday
BRP,20:20:20  9.30-10.30am,2018-04-20,9:30:00,35,30,499.0,2018,4,20,Friday
BRP,20:20:20  9.30-10.30am,2018-04-27,9:30:00,35,27,499.0,2018,4,27,Friday
BRP,20:20:20  9.30-10.30am,2018-05-04,9:30:00,35,33,499.0,2018,5,4,Friday
BRP,20:20:20  9.30-10.30am,2018-05-11,9:30:00,35,34,499.0,2018,5,11,Friday
BRP,20:20:20  9.30-10.30am,2018-05-18,9:30:00,35,32,499.0,2018,5,18,Friday
BRP,20:20:20  9.30-10.30am,2018-05-25,9:30:00,35,29,499.0,2018,5,25,Friday
NBL,20:20:20 9.30-10.30am,2018-04-05,9:30:00,60,22,499.0,2018,4,5,Thursday
NBL,20:20:20 9.30-10.30am,2018-04-19,9:30:00,60,14,499.0,2018,4,19,Thursday
NBL,20:20:20 9.30-10.30am,2018-04-26,9:30:00,60,14,499.0,2018,4,26,Thursday
NBL,20:20:20 9.30-10.30am,2018-05-03,9:30:00,60,16,499.0,2018,5,3,Thursday
NBL,20:20:20 9.30-10.30am,2018-05-10,9:30:00,60,14,499.0,2018,5,10,Thursday
NBL,20:20:20 9.30-10.30am,2018-05-17,9:30:00,60,14,499.0,2018,5,17,Thursday
NBL,20:20:20 9.30-10.30am,2018-05-24,9:30:00,60,18,499.0,2018,5,24,Thursday
NBL,20:20:20 9.30-10.30am,2018-05-31,9:30:00,60,24,499.0,2018,5,31,Thursday
SBP,45min Madness 9.15-10am,2018-04-03,9:15:00,35,11,1499.0,2018,4,3,Tuesday
SBP,45min Madness 9.15-10am,2018-04-10,9:15:00,35,19,1499.0,2018,4,10,Tuesday
SBP,45min Madness 9.15-10am,2018-04-17,9:15:00,35,19,1499.0,2018,4,17,Tuesday
SBP,45min Madness 9.15-10am,2018-04-24,9:15:00,35,21,1499.0,2018,4,24,Tuesday
SBP,45min Madness 9.15-10am,2018-05-01,9:15:00,35,18,1499.0,2018,5,1,Tuesday
SBP,45min Madness 9.15-10am,2018-05-08,9:15:00,35,15,1499.0,2018,5,8,Tuesday
SBP,45min Madness 9.15-10am,2018-05-15,9:15:00,35,19,1499.0,2018,5,15,Tuesday
SBP,45min Madness 9.15-10am,2018-05-22,9:15:00,35,18,1499.0,2018,5,22,Tuesday
SBP,45min Madness 9.15-10am,2018-05-29,9:15:00,35,12,1499.0,2018,5,29,Tuesday
TSC,5.30-6.30pm Body Cond,2018-04-03,17:30:00,24,7,1499.0,2018,4,3,Tuesday
TSC,5.30-6.30pm Body Cond,2018-04-10,17:30:00,24,14,1499.0,2018,4,10,Tuesday
TSC,5.30-6.30pm Body Cond,2018-04-17,17:30:00,24,12,1499.0,2018,4,17,Tuesday
TSC,5.30-6.30pm Body Cond,2018-04-24,17:30:00,24,11,1499.0,2018,4,24,Tuesday
TSC,5.30-6.30pm Body Cond,2018-05-01,17:30:00,24,13,1499.0,2018,5,1,Tuesday
TSC,5.30-6.30pm Body Cond,2018-05-08,17:30:00,24,9,1499.0,2018,5,8,Tuesday
TSC,5.30-6.30pm Body Cond,2018-05-15,17:30:00,24,5,1499.0,2018,5,15,Tuesday
TSC,5.30-6.30pm Body Cond,2018-05-22,17:30:00,24,13,1499.0,2018,5,22,Tuesday
TSC,5.30-6.30pm Body Cond,2018-05-29,17:30:00,24,9,1499.0,2018,5,29,Tuesday
TSC,6.30-7.30pm Combat Aero,2018-04-03,18:30:00,24,9,1499.0,2018,4,3,Tuesday
TSC,6.30-7.30pm Combat Aero,2018-04-10,18:30:00,24,8,1499.0,2018,4,10,Tuesday
TSC,6.30-7.30pm Combat Aero,2018-04-17,18:30:00,24,11,1499.0,2018,4,17,Tuesday
TSC,6.30-7.30pm Combat Aero,2018-04-24,18:30:00,24,14,1499.0,2018,4,24,Tuesday
TSC,6.30-7.30pm Combat Aero,2018-05-01,18:30:00,24,12,1499.0,2018,5,1,Tuesday
TSC,6.30-7.30pm Combat Aero,2018-05-08,18:30:00,24,10,1499.0,2018,5,8,Tuesday
TSC,6.30-7.30pm Combat Aero,2018-05-15,18:30:00,24,9,1499.0,2018,5,15,Tuesday
TSC,6.30-7.30pm Combat Aero,2018-05-22,18:30:00,24,10,1499.0,2018,5,22,Tuesday
TSC,6.30-7.30pm Combat Aero,2018-05-29,18:30:00,24,10,1499.0,2018,5,29,Tuesday
SBP,Abs Blast 7.45-8.15am,2018-04-03,7:45:00,20,4,999.0,2018,4,3,Tuesday
SBP,Abs Blast 7.45-8.15am,2018-04-10,7:45:00,20,1,999.0,2018,4,10,Tuesday
SBP,Abs Blast 7.45-8.15am,2018-04-17,7:45:00,20,2,999.0,2018,4,17,Tuesday
SBP,Abs Blast 7.45-8.15am,2018-04-24,7:45:00,20,1,999.0,2018,4,24,Tuesday
SBP,Abs Blast 7.45-8.15am,2018-05-01,7:45:00,20,2,999.0,2018,5,1,Tuesday
SBP,Abs Blast 7.45-8.15am,2018-05-08,7:45:00,20,2,999.0,2018,5,8,Tuesday
SBP,Abs Blast 7.45-8.15am,2018-05-15,7:45:00,20,2,999.0,2018,5,15,Tuesday
SBP,Abs Blast 7.45-8.15am,2018-05-22,7:45:00,20,2,999.0,2018,5,22,Tuesday
SBP,Abs Blast 7.45-8.15am,2018-05-29,7:45:00,20,2,999.0,2018,5,29,Tuesday
BRP,Aerobics,2018-04-03,19:30:00,35,24,799.0,2018,4,3,Tuesday
BRP,Aerobics,2018-04-10,19:30:00,35,17,799.0,2018,4,10,Tuesday
BRP,Aerobics,2018-04-17,19:30:00,35,27,799.0,2018,4,17,Tuesday
BRP,Aerobics,2018-04-24,19:30:00,35,21,799.0,2018,4,24,Tuesday
BRP,Aerobics,2018-05-01,19:30:00,35,23,799.0,2018,5,1,Tuesday
BRP,Aerobics,2018-05-08,19:30:00,35,29,799.0,2018,5,8,Tuesday
BRP,Aerobics,2018-05-15,19:30:00,35,23,799.0,2018,5,15,Tuesday
BRP,Aerobics,2018-05-22,19:30:00,35,28,799.0,2018,5,22,Tuesday
BRP,Aerobics,2018-05-29,19:30:00,35,24,799.0,2018,5,29,Tuesday
SBP,Aerobics,2018-05-18,10:00:00,35,30,799.0,2018,5,18,Friday
BRP,Aerobics 6.00-7.00pm,2018-04-09,18:00:00,35,32,799.0,2018,4,9,Monday
BRP,Aerobics 6.00-7.00pm,2018-04-16,18:00:00,35,35,799.0,2018,4,16,Monday
BRP,Aerobics 6.00-7.00pm,2018-04-23,18:00:00,35,32,799.0,2018,4,23,Monday
BRP,Aerobics 6.00-7.00pm,2018-04-30,18:00:00,35,33,799.0,2018,4,30,Monday
BRP,Aerobics 6.00-7.00pm,2018-05-14,18:00:00,35,28,799.0,2018,5,14,Monday
BRP,Aerobics 6.00-7.00pm,2018-05-21,18:00:00,35,31,799.0,2018,5,21,Monday
SBP,Aqua Babies 12 -12.30am,2018-04-16,12:00:00,10,11,1499.0,2018,4,16,Monday
SBP,Aqua Babies 12 -12.30am,2018-04-23,12:00:00,10,3,1499.0,2018,4,23,Monday
SBP,Aqua Babies 12 -12.30am,2018-04-30,12:00:00,10,3,1499.0,2018,4,30,Monday
SBP,Aqua Babies 12 -12.30am,2018-05-14,12:00:00,10,7,1499.0,2018,5,14,Monday
SBP,Aqua Babies 12 -12.30am,2018-05-21,12:00:00,10,7,1499.0,2018,5,21,Monday
SBP,Aqua Babies 9.30-10.00am,2018-04-06,9:30:00,10,6,1499.0,2018,4,6,Friday
SBP,Aqua Babies 9.30-10.00am,2018-04-13,9:30:00,10,4,1499.0,2018,4,13,Friday
SBP,Aqua Babies 9.30-10.00am,2018-04-20,9:30:00,10,7,1499.0,2018,4,20,Friday
SBP,Aqua Babies 9.30-10.00am,2018-04-27,9:30:00,10,5,1499.0,2018,4,27,Friday
SBP,Aqua Babies 9.30-10.00am,2018-05-04,9:30:00,10,6,1499.0,2018,5,4,Friday
SBP,Aqua Babies 9.30-10.00am,2018-05-11,9:30:00,10,5,1499.0,2018,5,11,Friday
SBP,Aqua Babies 9.30-10.00am,2018-05-18,9:30:00,10,10,1499.0,2018,5,18,Friday
SBP,Aqua Fit 11.15-12.00,2018-04-09,11:15:00,35,33,999.0,2018,4,9,Monday
SBP,Aqua Fit 11.15-12.00,2018-04-16,11:15:00,35,32,999.0,2018,4,16,Monday
SBP,Aqua Fit 11.15-12.00,2018-04-23,11:15:00,35,35,999.0,2018,4,23,Monday
SBP,Aqua Fit 11.15-12.00,2018-04-30,11:15:00,35,31,999.0,2018,4,30,Monday
SBP,Aqua Fit 11.15-12.00,2018-05-14,11:15:00,35,34,999.0,2018,5,14,Monday
SBP,Aqua Fit 11.15-12.00,2018-05-21,11:15:00,35,33,999.0,2018,5,21,Monday
HXP,Aqua Fit 12.15 -13.15,2018-04-05,12:15:00,25,13,999.0,2018,4,5,Thursday
HXP,Aqua Fit 12.15 -13.15,2018-04-06,12:15:00,25,16,999.0,2018,4,6,Friday
HXP,Aqua Fit 12.15 -13.15,2018-04-12,12:15:00,25,19,999.0,2018,4,12,Thursday
HXP,Aqua Fit 12.15 -13.15,2018-04-13,12:15:00,25,10,999.0,2018,4,13,Friday
HXP,Aqua Fit 12.15 -13.15,2018-04-19,12:15:00,25,16,999.0,2018,4,19,Thursday
HXP,Aqua Fit 12.15 -13.15,2018-04-20,12:15:00,25,13,999.0,2018,4,20,Friday
HXP,Aqua Fit 12.15 -13.15,2018-04-26,12:15:00,25,16,999.0,2018,4,26,Thursday
HXP,Aqua Fit 12.15 -13.15,2018-04-27,12:15:00,25,12,999.0,2018,4,27,Friday
HXP,Aqua Fit 12.15 -13.15,2018-05-03,12:15:00,25,13,999.0,2018,5,3,Thursday
HXP,Aqua Fit 12.15 -13.15,2018-05-04,12:15:00,25,13,999.0,2018,5,4,Friday
HXP,Aqua Fit 12.15 -13.15,2018-05-10,12:15:00,25,13,999.0,2018,5,10,Thursday
HXP,Aqua Fit 12.15 -13.15,2018-05-11,12:15:00,25,4,999.0,2018,5,11,Friday
HXP,Aqua Fit 12.15 -13.15,2018-05-18,12:15:00,25,11,999.0,2018,5,18,Friday
HXP,Aqua Fit 12.15 -13.15,2018-05-24,12:15:00,25,13,999.0,2018,5,24,Thursday
HXP,Aqua Fit 12.15 -13.15,2018-05-25,12:15:00,25,14,999.0,2018,5,25,Friday
HXP,Aqua Fit 12.15-13.00,2018-04-02,12:15:00,25,11,999.0,2018,4,2,Monday
HXP,Aqua Fit 12.15-13.00,2018-04-09,12:15:00,25,17,999.0,2018,4,9,Monday
HXP,Aqua Fit 12.15-13.00,2018-04-16,12:15:00,25,17,999.0,2018,4,16,Monday
HXP,Aqua Fit 12.15-13.00,2018-04-23,12:15:00,25,22,999.0,2018,4,23,Monday
HXP,Aqua Fit 12.15-13.00,2018-04-30,12:15:00,25,21,999.0,2018,4,30,Monday
HXP,Aqua Fit 12.15-13.00,2018-05-07,12:15:00,25,6,999.0,2018,5,7,Monday
HXP,Aqua Fit 12.15-13.00,2018-05-14,12:15:00,25,11,999.0,2018,5,14,Monday
HXP,Aqua Fit 12.15-13.00,2018-05-21,12:15:00,25,14,999.0,2018,5,21,Monday
HXP,Aqua Fit 12.15-13.00,2018-05-28,12:15:00,25,7,999.0,2018,5,28,Monday
BRP,Aqua Fit 2.45 -3.45pm,2018-04-04,14:45:00,35,24,999.0,2018,4,4,Wednesday
BRP,Aqua Fit 2.45 -3.45pm,2018-04-11,14:45:00,35,32,999.0,2018,4,11,Wednesday
BRP,Aqua Fit 2.45 -3.45pm,2018-04-18,14:45:00,35,29,999.0,2018,4,18,Wednesday
BRP,Aqua Fit 2.45 -3.45pm,2018-04-25,14:45:00,35,25,999.0,2018,4,25,Wednesday
BRP,Aqua Fit 2.45 -3.45pm,2018-05-02,14:45:00,35,28,999.0,2018,5,2,Wednesday
BRP,Aqua Fit 2.45 -3.45pm,2018-05-09,14:45:00,35,27,999.0,2018,5,9,Wednesday
BRP,Aqua Fit 2.45 -3.45pm,2018-05-16,14:45:00,35,16,999.0,2018,5,16,Wednesday
BRP,Aqua Fit 2.45 -3.45pm,2018-05-23,14:45:00,35,20,999.0,2018,5,23,Wednesday
BRP,Aqua Fit 2.45 -3.45pm,2018-05-30,14:45:00,35,23,999.0,2018,5,30,Wednesday
SBP,Aqua Fit 3.00-3.50pm,2018-04-03,15:00:00,35,29,999.0,2018,4,3,Tuesday
SBP,Aqua Fit 3.00-3.50pm,2018-04-10,15:00:00,35,17,999.0,2018,4,10,Tuesday
SBP,Aqua Fit 3.00-3.50pm,2018-04-17,15:00:00,35,14,999.0,2018,4,17,Tuesday
SBP,Aqua Fit 3.00-3.50pm,2018-04-24,15:00:00,35,20,999.0,2018,4,24,Tuesday
SBP,Aqua Fit 3.00-3.50pm,2018-05-01,15:00:00,35,23,999.0,2018,5,1,Tuesday
SBP,Aqua Fit 3.00-3.50pm,2018-05-08,15:00:00,35,17,999.0,2018,5,8,Tuesday
SBP,Aqua Fit 3.00-3.50pm,2018-05-15,15:00:00,35,18,999.0,2018,5,15,Tuesday
SBP,Aqua Fit 3.00-3.50pm,2018-05-22,15:00:00,35,21,999.0,2018,5,22,Tuesday
SBP,Aqua Fit 3.00-3.50pm,2018-05-29,15:00:00,35,23,999.0,2018,5,29,Tuesday
HXP,Aqua Fit 4pm - 5pm,2018-04-22,16:00:00,25,20,999.0,2018,4,22,Sunday
HXP,Aqua Fit 4pm - 5pm,2018-04-29,16:00:00,25,13,999.0,2018,4,29,Sunday
HXP,Aqua Fit 4pm - 5pm,2018-05-13,16:00:00,25,10,999.0,2018,5,13,Sunday
HXP,Aqua Fit 4pm - 5pm,2018-05-20,16:00:00,25,5,999.0,2018,5,20,Sunday
HXP,Aqua Fit 4pm - 5pm,2018-05-27,16:00:00,25,11,999.0,2018,5,27,Sunday
SBP,Aqua Tots & Babies 10.30-,2018-04-06,10:30:00,10,2,1499.0,2018,4,6,Friday
SBP,Aqua Tots & Babies 10.30-,2018-04-13,10:30:00,10,6,1499.0,2018,4,13,Friday
SBP,Aqua Tots & Babies 10.30-,2018-04-20,10:30:00,10,5,1499.0,2018,4,20,Friday
SBP,Aqua Tots & Babies 10.30-,2018-04-27,10:30:00,10,9,1499.0,2018,4,27,Friday
SBP,Aqua Tots & Babies 10.30-,2018-05-04,10:30:00,10,5,1499.0,2018,5,4,Friday
SBP,Aqua Tots & Babies 10.30-,2018-05-11,10:30:00,10,8,1499.0,2018,5,11,Friday
SBP,Aqua Tots & Babies 10.30-,2018-05-18,10:30:00,10,4,1499.0,2018,5,18,Friday
BRP,Aqua Tots 10 -10.30am,2018-04-07,10:00:00,10,9,999.0,2018,4,7,Saturday
BRP,Aqua Tots 10 -10.30am,2018-04-14,10:00:00,10,10,999.0,2018,4,14,Saturday
BRP,Aqua Tots 10 -10.30am,2018-04-21,10:00:00,10,10,999.0,2018,4,21,Saturday
BRP,Aqua Tots 10 -10.30am,2018-04-28,10:00:00,10,10,999.0,2018,4,28,Saturday
BRP,Aqua Tots 10 -10.30am,2018-05-05,10:00:00,10,10,999.0,2018,5,5,Saturday
BRP,Aqua Tots 10 -10.30am,2018-05-12,10:00:00,10,9,999.0,2018,5,12,Saturday
BRP,Aqua Tots 10 -10.30am,2018-05-19,10:00:00,10,10,999.0,2018,5,19,Saturday
BRP,Aqua Tots 10 -10.30am,2018-05-26,10:00:00,10,7,999.0,2018,5,26,Saturday
SBP,Aqua Tots 10.00-10.30am,2018-04-06,10:00:00,10,2,999.0,2018,4,6,Friday
SBP,Aqua Tots 10.00-10.30am,2018-04-13,10:00:00,10,2,999.0,2018,4,13,Friday
SBP,Aqua Tots 10.00-10.30am,2018-04-20,10:00:00,10,5,999.0,2018,4,20,Friday
SBP,Aqua Tots 10.00-10.30am,2018-04-27,10:00:00,10,7,999.0,2018,4,27,Friday
SBP,Aqua Tots 10.00-10.30am,2018-05-04,10:00:00,10,8,999.0,2018,5,4,Friday
SBP,Aqua Tots 10.00-10.30am,2018-05-11,10:00:00,10,7,999.0,2018,5,11,Friday
SBP,Aqua Tots 10.00-10.30am,2018-05-18,10:00:00,10,4,999.0,2018,5,18,Friday
BRP,Aqua Tots 11.00-11.30am,2018-04-04,11:00:00,10,2,999.0,2018,4,4,Wednesday
BRP,Aqua Tots 11.00-11.30am,2018-04-11,11:00:00,10,4,999.0,2018,4,11,Wednesday
BRP,Aqua Tots 11.00-11.30am,2018-04-18,11:00:00,10,5,999.0,2018,4,18,Wednesday
BRP,Aqua Tots 11.00-11.30am,2018-04-25,11:00:00,10,6,999.0,2018,4,25,Wednesday
BRP,Aqua Tots 11.00-11.30am,2018-05-02,11:00:00,10,6,999.0,2018,5,2,Wednesday
BRP,Aqua Tots 11.00-11.30am,2018-05-09,11:00:00,10,7,999.0,2018,5,9,Wednesday
BRP,Aqua Tots 11.00-11.30am,2018-05-16,11:00:00,10,7,999.0,2018,5,16,Wednesday
BRP,Aqua Tots 11.00-11.30am,2018-05-23,11:00:00,10,6,999.0,2018,5,23,Wednesday
SBP,Aqua Tots 9.00-9.30am,2018-04-06,9:00:00,10,3,999.0,2018,4,6,Friday
SBP,Aqua Tots 9.00-9.30am,2018-04-13,9:00:00,10,3,999.0,2018,4,13,Friday
SBP,Aqua Tots 9.00-9.30am,2018-04-20,9:00:00,10,2,999.0,2018,4,20,Friday
SBP,Aqua Tots 9.00-9.30am,2018-04-27,9:00:00,10,3,999.0,2018,4,27,Friday
SBP,Aqua Tots 9.00-9.30am,2018-05-04,9:00:00,10,4,999.0,2018,5,4,Friday
SBP,Aqua Tots 9.00-9.30am,2018-05-11,9:00:00,10,4,999.0,2018,5,11,Friday
SBP,Aqua Tots 9.00-9.30am,2018-05-18,9:00:00,10,2,999.0,2018,5,18,Friday
TSC,Aqua Zumba  12.00-1.00pm,2018-04-06,12:00:00,25,15,1999.0,2018,4,6,Friday
TSC,Aqua Zumba  12.00-1.00pm,2018-04-13,12:00:00,25,12,1999.0,2018,4,13,Friday
TSC,Aqua Zumba  12.00-1.00pm,2018-04-20,12:00:00,25,14,1999.0,2018,4,20,Friday
TSC,Aqua Zumba  12.00-1.00pm,2018-04-27,12:00:00,25,14,1999.0,2018,4,27,Friday
TSC,Aqua Zumba  12.00-1.00pm,2018-05-11,12:00:00,25,14,1999.0,2018,5,11,Friday
TSC,Aqua Zumba  12.00-1.00pm,2018-05-18,12:00:00,25,10,1999.0,2018,5,18,Friday
TSC,Aqua Zumba  12.00-1.00pm,2018-05-25,12:00:00,25,16,1999.0,2018,5,25,Friday
BRP,Aquababies 10.00 -10.30am,2018-04-09,10:00:00,10,7,1499.0,2018,4,9,Monday
BRP,Aquababies 10.00 -10.30am,2018-04-16,10:00:00,10,9,1499.0,2018,4,16,Monday
BRP,Aquababies 10.00 -10.30am,2018-04-23,10:00:00,10,10,1499.0,2018,4,23,Monday
BRP,Aquababies 10.00 -10.30am,2018-04-30,10:00:00,10,10,1499.0,2018,4,30,Monday
BRP,Aquababies 10.00 -10.30am,2018-05-14,10:00:00,10,7,1499.0,2018,5,14,Monday
BRP,Aquababies 10.00 -10.30am,2018-05-21,10:00:00,10,6,1499.0,2018,5,21,Monday
BRP,Aquababies 10.30-11.00am,2018-04-04,10:30:00,10,6,1499.0,2018,4,4,Wednesday
BRP,Aquababies 10.30-11.00am,2018-04-11,10:30:00,10,3,1499.0,2018,4,11,Wednesday
BRP,Aquababies 10.30-11.00am,2018-04-18,10:30:00,10,5,1499.0,2018,4,18,Wednesday
BRP,Aquababies 10.30-11.00am,2018-04-25,10:30:00,10,8,1499.0,2018,4,25,Wednesday
BRP,Aquababies 10.30-11.00am,2018-05-02,10:30:00,10,9,1499.0,2018,5,2,Wednesday
BRP,Aquababies 10.30-11.00am,2018-05-09,10:30:00,10,9,1499.0,2018,5,9,Wednesday
BRP,Aquababies 10.30-11.00am,2018-05-16,10:30:00,10,9,1499.0,2018,5,16,Wednesday
BRP,Aquababies 10.30-11.00am,2018-05-23,10:30:00,10,10,1499.0,2018,5,23,Wednesday
SBP,Aquababies/tots 12-12.30,2018-04-18,12:00:00,10,8,1499.0,2018,4,18,Wednesday
SBP,Aquababies/tots 12-12.30,2018-04-25,12:00:00,10,8,1499.0,2018,4,25,Wednesday
SBP,Aquababies/tots 12-12.30,2018-05-02,12:00:00,10,8,1499.0,2018,5,2,Wednesday
SBP,Aquababies/tots 12-12.30,2018-05-09,12:00:00,10,9,1499.0,2018,5,9,Wednesday
SBP,Aquababies/tots 12-12.30,2018-05-16,12:00:00,10,7,1499.0,2018,5,16,Wednesday
SBP,Aquababies/tots 12-12.30,2018-05-23,12:00:00,10,12,1499.0,2018,5,23,Wednesday
BRP,Aquafit  6.00-7.00pm,2018-04-05,18:00:00,35,35,999.0,2018,4,5,Thursday
BRP,Aquafit  6.00-7.00pm,2018-04-12,18:00:00,35,35,999.0,2018,4,12,Thursday
BRP,Aquafit  6.00-7.00pm,2018-04-19,18:00:00,35,34,999.0,2018,4,19,Thursday
BRP,Aquafit  6.00-7.00pm,2018-04-26,18:00:00,35,33,999.0,2018,4,26,Thursday
BRP,Aquafit  6.00-7.00pm,2018-05-03,18:00:00,35,35,999.0,2018,5,3,Thursday
BRP,Aquafit  6.00-7.00pm,2018-05-10,18:00:00,35,35,999.0,2018,5,10,Thursday
BRP,Aquafit  6.00-7.00pm,2018-05-17,18:00:00,35,32,999.0,2018,5,17,Thursday
BRP,Aquafit  6.00-7.00pm,2018-05-24,18:00:00,35,33,999.0,2018,5,24,Thursday
BRP,Aquafit  6.00-7.00pm,2018-05-31,18:00:00,35,27,999.0,2018,5,31,Thursday
SBP,Aquafit  7.00-8.00pm,2018-04-06,19:00:00,6,19,999.0,2018,4,6,Friday
SBP,Aquafit  7.00-8.00pm,2018-04-13,19:00:00,6,25,999.0,2018,4,13,Friday
SBP,Aquafit  7.00-8.00pm,2018-04-20,19:00:00,6,26,999.0,2018,4,20,Friday
SBP,Aquafit  7.00-8.00pm,2018-04-27,19:00:00,6,31,999.0,2018,4,27,Friday
SBP,Aquafit  7.00-8.00pm,2018-05-04,19:00:00,6,27,999.0,2018,5,4,Friday
SBP,Aquafit  7.00-8.00pm,2018-05-11,19:00:00,6,29,999.0,2018,5,11,Friday
SBP,Aquafit  7.00-8.00pm,2018-05-18,19:00:00,6,26,999.0,2018,5,18,Friday
BRP,Aquafit 11.00-12.00 Noon,2018-04-06,11:00:00,35,31,999.0,2018,4,6,Friday
BRP,Aquafit 11.00-12.00 Noon,2018-04-13,11:00:00,35,28,999.0,2018,4,13,Friday
BRP,Aquafit 11.00-12.00 Noon,2018-04-20,11:00:00,35,34,999.0,2018,4,20,Friday
BRP,Aquafit 11.00-12.00 Noon,2018-04-27,11:00:00,35,35,999.0,2018,4,27,Friday
BRP,Aquafit 11.00-12.00 Noon,2018-05-04,11:00:00,35,33,999.0,2018,5,4,Friday
BRP,Aquafit 11.00-12.00 Noon,2018-05-11,11:00:00,35,29,999.0,2018,5,11,Friday
BRP,Aquafit 11.00-12.00 Noon,2018-05-18,11:00:00,35,28,999.0,2018,5,18,Friday
BRP,Aquafit 11.00-12.00 Noon,2018-05-25,11:00:00,35,33,999.0,2018,5,25,Friday
BRP,Aquafit 11am - 12,2018-04-02,11:00:00,35,13,999.0,2018,4,2,Monday
BRP,Aquafit 11am - 12,2018-04-09,11:00:00,35,37,999.0,2018,4,9,Monday
BRP,Aquafit 11am - 12,2018-04-16,11:00:00,35,35,999.0,2018,4,16,Monday
BRP,Aquafit 11am - 12,2018-04-23,11:00:00,35,35,999.0,2018,4,23,Monday
BRP,Aquafit 11am - 12,2018-04-30,11:00:00,35,35,999.0,2018,4,30,Monday
BRP,Aquafit 11am - 12,2018-05-07,11:00:00,35,27,999.0,2018,5,7,Monday
BRP,Aquafit 11am - 12,2018-05-14,11:00:00,35,34,999.0,2018,5,14,Monday
BRP,Aquafit 11am - 12,2018-05-21,11:00:00,35,35,999.0,2018,5,21,Monday
BRP,Aquafit 11am - 12,2018-05-28,11:00:00,35,30,999.0,2018,5,28,Monday
TSC,Aquafit 3.00-3.45pm,2018-04-03,15:00:00,25,13,999.0,2018,4,3,Tuesday
TSC,Aquafit 3.00-3.45pm,2018-04-10,15:00:00,25,14,999.0,2018,4,10,Tuesday
TSC,Aquafit 3.00-3.45pm,2018-04-17,15:00:00,25,11,999.0,2018,4,17,Tuesday
TSC,Aquafit 3.00-3.45pm,2018-04-24,15:00:00,25,8,999.0,2018,4,24,Tuesday
TSC,Aquafit 3.00-3.45pm,2018-05-01,15:00:00,25,20,999.0,2018,5,1,Tuesday
TSC,Aquafit 3.00-3.45pm,2018-05-08,15:00:00,25,14,999.0,2018,5,8,Tuesday
TSC,Aquafit 3.00-3.45pm,2018-05-15,15:00:00,25,12,999.0,2018,5,15,Tuesday
TSC,Aquafit 3.00-3.45pm,2018-05-22,15:00:00,25,18,999.0,2018,5,22,Tuesday
TSC,Aquafit 3.00-3.45pm,2018-05-29,15:00:00,25,13,999.0,2018,5,29,Tuesday
SBP,Aquafit 6.00-7.00pm,2018-04-04,18:00:00,35,35,999.0,2018,4,4,Wednesday
SBP,Aquafit 6.00-7.00pm,2018-04-11,18:00:00,35,35,999.0,2018,4,11,Wednesday
SBP,Aquafit 6.00-7.00pm,2018-04-18,18:00:00,35,32,999.0,2018,4,18,Wednesday
SBP,Aquafit 6.00-7.00pm,2018-04-25,18:00:00,35,35,999.0,2018,4,25,Wednesday
SBP,Aquafit 6.00-7.00pm,2018-05-02,18:00:00,35,31,999.0,2018,5,2,Wednesday
SBP,Aquafit 6.00-7.00pm,2018-05-09,18:00:00,35,35,999.0,2018,5,9,Wednesday
SBP,Aquafit 6.00-7.00pm,2018-05-16,18:00:00,35,31,999.0,2018,5,16,Wednesday
SBP,Aquafit 6.00-7.00pm,2018-05-23,18:00:00,35,33,999.0,2018,5,23,Wednesday
SBP,Aquafit 6.00-7.00pm,2018-05-30,18:00:00,35,34,999.0,2018,5,30,Wednesday
BRP,Aquafit 7.00-8.00pm,2018-04-03,19:00:00,35,33,999.0,2018,4,3,Tuesday
BRP,Aquafit 7.00-8.00pm,2018-04-10,19:00:00,35,32,999.0,2018,4,10,Tuesday
BRP,Aquafit 7.00-8.00pm,2018-04-17,19:00:00,35,28,999.0,2018,4,17,Tuesday
BRP,Aquafit 7.00-8.00pm,2018-04-24,19:00:00,35,32,999.0,2018,4,24,Tuesday
BRP,Aquafit 7.00-8.00pm,2018-05-01,19:00:00,35,34,999.0,2018,5,1,Tuesday
BRP,Aquafit 7.00-8.00pm,2018-05-08,19:00:00,35,32,999.0,2018,5,8,Tuesday
BRP,Aquafit 7.00-8.00pm,2018-05-15,19:00:00,35,29,999.0,2018,5,15,Tuesday
BRP,Aquafit 7.00-8.00pm,2018-05-22,19:00:00,35,29,999.0,2018,5,22,Tuesday
BRP,Aquafit 7.00-8.00pm,2018-05-29,19:00:00,35,26,999.0,2018,5,29,Tuesday
HXP,Aquafit 7.00-8.00pm,2018-04-10,19:00:00,20,12,999.0,2018,4,10,Tuesday
HXP,Aquafit 7.00-8.00pm,2018-04-17,19:00:00,20,16,999.0,2018,4,17,Tuesday
HXP,Aquafit 7.00-8.00pm,2018-04-24,19:00:00,20,15,999.0,2018,4,24,Tuesday
HXP,Aquafit 7.00-8.00pm,2018-05-01,19:00:00,20,20,999.0,2018,5,1,Tuesday
HXP,Aquafit 7.00-8.00pm,2018-05-08,19:00:00,20,20,999.0,2018,5,8,Tuesday
HXP,Aquafit 7.00-8.00pm,2018-05-15,19:00:00,20,19,999.0,2018,5,15,Tuesday
HXP,Aquafit 7.00-8.00pm,2018-05-22,19:00:00,20,20,999.0,2018,5,22,Tuesday
HXP,Aquafit 7.00-8.00pm,2018-05-29,19:00:00,20,12,999.0,2018,5,29,Tuesday
SBP,Aquafit 7.00-8.00pm,2018-04-09,19:00:00,35,29,999.0,2018,4,9,Monday
SBP,Aquafit 7.00-8.00pm,2018-04-16,19:00:00,35,33,999.0,2018,4,16,Monday
SBP,Aquafit 7.00-8.00pm,2018-04-23,19:00:00,35,27,999.0,2018,4,23,Monday
SBP,Aquafit 7.00-8.00pm,2018-04-30,19:00:00,35,34,999.0,2018,4,30,Monday
SBP,Aquafit 7.00-8.00pm,2018-05-14,19:00:00,35,33,999.0,2018,5,14,Monday
SBP,Aquafit 7.00-8.00pm,2018-05-21,19:00:00,35,34,999.0,2018,5,21,Monday
TSC,Aquafit 7.15-8.15pm,2018-04-03,19:15:00,25,18,999.0,2018,4,3,Tuesday
TSC,Aquafit 7.15-8.15pm,2018-04-05,19:15:00,25,2,999.0,2018,4,5,Thursday
TSC,Aquafit 7.15-8.15pm,2018-04-10,19:15:00,25,13,999.0,2018,4,10,Tuesday
TSC,Aquafit 7.15-8.15pm,2018-04-12,19:15:00,25,9,999.0,2018,4,12,Thursday
TSC,Aquafit 7.15-8.15pm,2018-04-17,19:15:00,25,15,999.0,2018,4,17,Tuesday
TSC,Aquafit 7.15-8.15pm,2018-04-19,19:15:00,25,9,999.0,2018,4,19,Thursday
TSC,Aquafit 7.15-8.15pm,2018-04-24,19:15:00,25,16,999.0,2018,4,24,Tuesday
TSC,Aquafit 7.15-8.15pm,2018-04-26,19:15:00,25,17,999.0,2018,4,26,Thursday
TSC,Aquafit 7.15-8.15pm,2018-05-01,19:15:00,25,25,999.0,2018,5,1,Tuesday
TSC,Aquafit 7.15-8.15pm,2018-05-03,19:15:00,25,18,999.0,2018,5,3,Thursday
TSC,Aquafit 7.15-8.15pm,2018-05-08,19:15:00,25,11,999.0,2018,5,8,Tuesday
TSC,Aquafit 7.15-8.15pm,2018-05-10,19:15:00,25,7,999.0,2018,5,10,Thursday
TSC,Aquafit 7.15-8.15pm,2018-05-15,19:15:00,25,21,999.0,2018,5,15,Tuesday
TSC,Aquafit 7.15-8.15pm,2018-05-17,7:15:00,25,1,999.0,2018,5,17,Thursday
TSC,Aquafit 7.15-8.15pm,2018-05-22,19:15:00,25,21,999.0,2018,5,22,Tuesday
TSC,Aquafit 7.15-8.15pm,2018-05-24,19:15:00,25,13,999.0,2018,5,24,Thursday
TSC,Aquafit 7.15-8.15pm,2018-05-29,19:15:00,25,19,999.0,2018,5,29,Tuesday
TSC,Aquafit 7.15-8.15pm,2018-05-31,19:15:00,25,11,999.0,2018,5,31,Thursday
TSC,Aquafit Beginners 10-11am,2018-04-05,10:00:00,25,13,1499.0,2018,4,5,Thursday
TSC,Aquafit Beginners 10-11am,2018-04-12,10:00:00,25,18,1499.0,2018,4,12,Thursday
TSC,Aquafit Beginners 10-11am,2018-04-19,10:00:00,25,16,1499.0,2018,4,19,Thursday
TSC,Aquafit Beginners 10-11am,2018-04-26,10:00:00,25,19,1499.0,2018,4,26,Thursday
TSC,Aquafit Beginners 10-11am,2018-05-03,10:00:00,25,18,1499.0,2018,5,3,Thursday
TSC,Aquafit Beginners 10-11am,2018-05-10,10:00:00,25,22,1499.0,2018,5,10,Thursday
TSC,Aquafit Beginners 10-11am,2018-05-17,10:00:00,25,14,1499.0,2018,5,17,Thursday
TSC,Aquafit Beginners 10-11am,2018-05-24,10:00:00,25,18,1499.0,2018,5,24,Thursday
TSC,Aquafit Beginners 10-11am,2018-05-31,10:00:00,25,18,1499.0,2018,5,31,Thursday
HXP,Aquafit Ladiesonly,2018-04-08,16:30:00,25,21,999.0,2018,4,8,Sunday
HXP,Aquafit Ladiesonly,2018-04-15,16:30:00,25,20,999.0,2018,4,15,Sunday
BRP,Aquatots 10.30-11am,2018-04-16,10:30:00,10,3,999.0,2018,4,16,Monday
BRP,Aquatots 10.30-11am,2018-04-23,10:30:00,10,3,999.0,2018,4,23,Monday
BRP,Aquatots 10.30-11am,2018-04-30,10:30:00,10,4,999.0,2018,4,30,Monday
BRP,Aquatots 10.30-11am,2018-05-14,10:30:00,10,7,999.0,2018,5,14,Monday
BRP,Aquatots 10.30-11am,2018-05-21,10:30:00,10,4,999.0,2018,5,21,Monday
SBP,Aquatots 12.30- 13.00pm,2018-04-16,12:30:00,10,2,999.0,2018,4,16,Monday
SBP,Aquatots 12.30- 13.00pm,2018-04-30,12:30:00,10,3,999.0,2018,4,30,Monday
SBP,Aquatots 12.30- 13.00pm,2018-05-14,12:30:00,10,4,999.0,2018,5,14,Monday
SBP,Aquatots 12.30- 13.00pm,2018-05-21,12:30:00,10,3,999.0,2018,5,21,Monday
TSC,Aquatots-11.00-11.45am,2018-04-06,11:00:00,15,6,999.0,2018,4,6,Friday
TSC,Aquatots-11.00-11.45am,2018-04-13,11:00:00,15,8,999.0,2018,4,13,Friday
TSC,Aquatots-11.00-11.45am,2018-04-20,11:00:00,15,5,999.0,2018,4,20,Friday
TSC,Aquatots-11.00-11.45am,2018-04-27,11:00:00,15,6,999.0,2018,4,27,Friday
TSC,Aquatots-11.00-11.45am,2018-05-11,11:00:00,15,3,999.0,2018,5,11,Friday
TSC,Aquatots-11.00-11.45am,2018-05-18,11:00:00,15,6,999.0,2018,5,18,Friday
TSC,Aquatots-11.00-11.45am,2018-05-25,11:00:00,15,4,999.0,2018,5,25,Friday
BRP,Aquatots/baby 11.30-12.00,2018-04-04,11:30:00,10,6,1499.0,2018,4,4,Wednesday
BRP,Aquatots/baby 11.30-12.00,2018-04-11,11:30:00,10,2,1499.0,2018,4,11,Wednesday
BRP,Aquatots/baby 11.30-12.00,2018-04-18,11:30:00,10,6,1499.0,2018,4,18,Wednesday
BRP,Aquatots/baby 11.30-12.00,2018-04-25,11:30:00,10,6,1499.0,2018,4,25,Wednesday
BRP,Aquatots/baby 11.30-12.00,2018-05-02,11:30:00,10,4,1499.0,2018,5,2,Wednesday
BRP,Aquatots/baby 11.30-12.00,2018-05-09,11:30:00,10,7,1499.0,2018,5,9,Wednesday
BRP,Aquatots/baby 11.30-12.00,2018-05-23,11:30:00,10,1,1499.0,2018,5,23,Wednesday
NBL,B L T Exercise,2018-04-10,14:15:00,40,1,1999.0,2018,4,10,Tuesday
SBP,Ballroom Dance 2.30-3.30,2018-04-06,14:30:00,35,2,2999.0,2018,4,6,Friday
SBP,Ballroom Dance 2.30-3.30,2018-04-13,14:30:00,35,8,2999.0,2018,4,13,Friday
SBP,Ballroom Dance 2.30-3.30,2018-04-20,14:30:00,35,8,2999.0,2018,4,20,Friday
SBP,Ballroom Dance 2.30-3.30,2018-04-27,14:30:00,35,10,2999.0,2018,4,27,Friday
SBP,Ballroom Dance 2.30-3.30,2018-05-04,14:30:00,35,4,2999.0,2018,5,4,Friday
SBP,Ballroom Dance 2.30-3.30,2018-05-11,14:30:00,35,6,2999.0,2018,5,11,Friday
SBP,Ballroom Dance 2.30-3.30,2018-05-18,14:30:00,35,5,2999.0,2018,5,18,Friday
SBP,Ballroom Dance 2.30-3.30,2018-05-25,14:30:00,35,9,2999.0,2018,5,25,Friday
TSC,Bar Pilate 11.30-12.30pm,2018-04-06,11:30:00,24,15,2999.0,2018,4,6,Friday
TSC,Bar Pilate 11.30-12.30pm,2018-04-13,11:30:00,24,12,2999.0,2018,4,13,Friday
TSC,Bar Pilate 11.30-12.30pm,2018-04-20,11:30:00,24,14,2999.0,2018,4,20,Friday
TSC,Bar Pilate 11.30-12.30pm,2018-04-27,11:30:00,24,14,2999.0,2018,4,27,Friday
TSC,Bar Pilate 11.30-12.30pm,2018-05-04,11:30:00,24,16,2999.0,2018,5,4,Friday
TSC,Bar Pilate 11.30-12.30pm,2018-05-11,11:30:00,24,15,2999.0,2018,5,11,Friday
TSC,Bar Pilate 11.30-12.30pm,2018-05-18,11:30:00,24,10,2999.0,2018,5,18,Friday
TSC,Bar Pilate 11.30-12.30pm,2018-05-25,11:30:00,24,9,2999.0,2018,5,25,Friday
NBL,Barre Pilates   12-1pm,2018-04-07,12:00:00,60,10,2999.0,2018,4,7,Saturday
NBL,Barre Pilates   12-1pm,2018-04-21,12:00:00,60,16,2999.0,2018,4,21,Saturday
NBL,Barre Pilates   12-1pm,2018-04-28,12:00:00,60,13,2999.0,2018,4,28,Saturday
NBL,Barre Pilates   12-1pm,2018-05-05,12:00:00,60,13,2999.0,2018,5,5,Saturday
NBL,Barre Pilates   12-1pm,2018-05-12,12:00:00,60,9,2999.0,2018,5,12,Saturday
NBL,Barre Pilates   12-1pm,2018-05-19,12:00:00,60,10,2999.0,2018,5,19,Saturday
NBL,Barre Pilates   12-1pm,2018-05-26,12:00:00,60,16,2999.0,2018,5,26,Saturday
TSC,Barre Pilates 8.30-9.30am,2018-04-07,8:30:00,24,22,2999.0,2018,4,7,Saturday
TSC,Barre Pilates 8.30-9.30am,2018-04-14,8:30:00,24,19,2999.0,2018,4,14,Saturday
TSC,Barre Pilates 8.30-9.30am,2018-04-21,8:30:00,24,24,2999.0,2018,4,21,Saturday
TSC,Barre Pilates 8.30-9.30am,2018-04-28,8:30:00,24,23,2999.0,2018,4,28,Saturday
TSC,Barre Pilates 8.30-9.30am,2018-05-05,8:30:00,24,22,2999.0,2018,5,5,Saturday
TSC,Barre Pilates 8.30-9.30am,2018-05-12,8:30:00,24,23,2999.0,2018,5,12,Saturday
TSC,Barre Pilates 8.30-9.30am,2018-05-19,8:30:00,24,21,2999.0,2018,5,19,Saturday
TSC,Barre Pilates 8.30-9.30am,2018-05-26,8:30:00,24,15,2999.0,2018,5,26,Saturday
BRP,Basic Stretch Class,2018-05-23,18:30:00,35,23,499.0,2018,5,23,Wednesday
BRP,Basic Stretch Class,2018-05-30,18:30:00,35,10,499.0,2018,5,30,Wednesday
HXP,Better Living,2018-04-06,9:00:00,40,1,1499.0,2018,4,6,Friday
HXP,Better Living,2018-05-04,9:00:00,40,2,1499.0,2018,5,4,Friday
HXP,Better Living,2018-05-11,9:00:00,40,3,1499.0,2018,5,11,Friday
HXP,Better Living,2018-05-18,9:00:00,40,2,1499.0,2018,5,18,Friday
HXP,Better Living,2018-05-25,9:00:00,40,2,1499.0,2018,5,25,Friday
SBP,Better Living Team 2pm,2018-04-09,14:00:00,25,18,2999.0,2018,4,9,Monday
SBP,Better Living Team 2pm,2018-04-16,14:00:00,25,9,2999.0,2018,4,16,Monday
SBP,Better Living Team 2pm,2018-04-23,14:00:00,25,10,2999.0,2018,4,23,Monday
SBP,Better Living Team 2pm,2018-04-30,14:00:00,25,10,2999.0,2018,4,30,Monday
SBP,Better Living Team 2pm,2018-05-14,14:00:00,25,11,2999.0,2018,5,14,Monday
SBP,Better Living Team 2pm,2018-05-21,14:00:00,25,9,2999.0,2018,5,21,Monday
BRP,Blt Weigh Manage,2018-04-05,12:30:00,30,8,1499.0,2018,4,5,Thursday
BRP,Blt Weigh Manage,2018-04-12,12:30:00,30,9,1499.0,2018,4,12,Thursday
BRP,Blt Weigh Manage,2018-04-19,12:30:00,30,6,1499.0,2018,4,19,Thursday
BRP,Blt Weigh Manage,2018-04-26,12:30:00,30,1,1499.0,2018,4,26,Thursday
BRP,Blt Weigh Manage,2018-05-10,12:30:00,30,4,1499.0,2018,5,10,Thursday
BRP,Bodsculp Aero 10.30-11.30,2018-04-04,10:30:00,35,16,1999.0,2018,4,4,Wednesday
BRP,Bodsculp Aero 10.30-11.30,2018-04-11,10:30:00,35,17,1999.0,2018,4,11,Wednesday
BRP,Bodsculp Aero 10.30-11.30,2018-04-18,10:30:00,35,11,1999.0,2018,4,18,Wednesday
BRP,Bodsculp Aero 10.30-11.30,2018-04-25,10:30:00,35,14,1999.0,2018,4,25,Wednesday
BRP,Bodsculp Aero 10.30-11.30,2018-05-02,10:30:00,35,18,1999.0,2018,5,2,Wednesday
BRP,Bodsculp Aero 10.30-11.30,2018-05-16,10:30:00,35,12,1999.0,2018,5,16,Wednesday
BRP,Bodsculp Aero 10.30-11.30,2018-05-23,10:30:00,35,13,1999.0,2018,5,23,Wednesday
BRP,Bodsculp Aero 10.30-11.30,2018-05-30,10:30:00,35,13,1999.0,2018,5,30,Wednesday
NBL,Body Attack 10-11am,2018-04-14,10:00:00,60,51,1999.0,2018,4,14,Saturday
BRP,Body Attack 10.00-11.00am,2018-04-02,10:00:00,35,18,1999.0,2018,4,2,Monday
BRP,Body Attack 10.00-11.00am,2018-04-09,10:00:00,35,20,1999.0,2018,4,9,Monday
BRP,Body Attack 10.00-11.00am,2018-04-16,10:00:00,35,35,1999.0,2018,4,16,Monday
BRP,Body Attack 10.00-11.00am,2018-04-23,10:00:00,35,24,1999.0,2018,4,23,Monday
BRP,Body Attack 10.00-11.00am,2018-04-30,10:00:00,35,26,1999.0,2018,4,30,Monday
BRP,Body Attack 10.00-11.00am,2018-05-07,10:00:00,35,27,1999.0,2018,5,7,Monday
BRP,Body Attack 10.00-11.00am,2018-05-14,10:00:00,35,26,1999.0,2018,5,14,Monday
BRP,Body Attack 10.00-11.00am,2018-05-28,10:00:00,35,22,1999.0,2018,5,28,Monday
BRP,Body Attack 5.00-6.00pm,2018-04-09,17:00:00,35,35,1999.0,2018,4,9,Monday
BRP,Body Attack 5.00-6.00pm,2018-04-16,17:00:00,35,35,1999.0,2018,4,16,Monday
BRP,Body Attack 5.00-6.00pm,2018-04-23,17:00:00,35,35,1999.0,2018,4,23,Monday
BRP,Body Attack 5.00-6.00pm,2018-04-30,17:00:00,35,30,1999.0,2018,4,30,Monday
BRP,Body Attack 5.00-6.00pm,2018-05-14,17:00:00,35,32,1999.0,2018,5,14,Monday
BRP,Body Attack 5.00-6.00pm,2018-05-21,17:00:00,35,29,1999.0,2018,5,21,Monday
BRP,Body Attack 5.30 -6.30pm,2018-04-04,17:30:00,35,33,1999.0,2018,4,4,Wednesday
BRP,Body Attack 5.30 -6.30pm,2018-04-11,17:30:00,35,28,1999.0,2018,4,11,Wednesday
BRP,Body Attack 5.30 -6.30pm,2018-04-18,17:30:00,35,23,1999.0,2018,4,18,Wednesday
BRP,Body Attack 5.30 -6.30pm,2018-04-25,17:30:00,35,29,1999.0,2018,4,25,Wednesday
BRP,Body Attack 5.30 -6.30pm,2018-05-02,17:30:00,35,29,1999.0,2018,5,2,Wednesday
BRP,Body Attack 5.30 -6.30pm,2018-05-16,17:30:00,35,26,1999.0,2018,5,16,Wednesday
BRP,Body Attack 5.30 -6.30pm,2018-05-23,17:30:00,35,32,1999.0,2018,5,23,Wednesday
BRP,Body Attack 5.30 -6.30pm,2018-05-30,17:30:00,35,35,1999.0,2018,5,30,Wednesday
BRP,Body Attack 8.00-9.00pm,2018-04-05,20:00:00,35,34,1999.0,2018,4,5,Thursday
BRP,Body Attack 8.00-9.00pm,2018-04-12,20:00:00,35,33,1999.0,2018,4,12,Thursday
BRP,Body Attack 8.00-9.00pm,2018-04-19,20:00:00,35,31,1999.0,2018,4,19,Thursday
BRP,Body Attack 8.00-9.00pm,2018-04-26,20:00:00,35,31,1999.0,2018,4,26,Thursday
BRP,Body Attack 8.00-9.00pm,2018-05-03,20:00:00,35,30,1999.0,2018,5,3,Thursday
BRP,Body Attack 8.00-9.00pm,2018-05-10,20:00:00,35,32,1999.0,2018,5,10,Thursday
BRP,Body Attack 8.00-9.00pm,2018-05-17,20:00:00,35,33,1999.0,2018,5,17,Thursday
BRP,Body Attack 8.00-9.00pm,2018-05-24,20:00:00,35,31,1999.0,2018,5,24,Thursday
BRP,Body Attack 8.00-9.00pm,2018-05-31,20:00:00,35,26,1999.0,2018,5,31,Thursday
BRP,Body Attack9.00-10.00am,2018-04-07,9:00:00,35,34,1999.0,2018,4,7,Saturday
BRP,Body Attack9.00-10.00am,2018-04-21,9:00:00,35,33,1999.0,2018,4,21,Saturday
BRP,Body Attack9.00-10.00am,2018-04-28,9:00:00,35,33,1999.0,2018,4,28,Saturday
BRP,Body Attack9.00-10.00am,2018-05-05,9:00:00,35,32,1999.0,2018,5,5,Saturday
BRP,Body Attack9.00-10.00am,2018-05-12,9:00:00,35,34,1999.0,2018,5,12,Saturday
BRP,Body Attack9.00-10.00am,2018-05-19,9:00:00,35,22,1999.0,2018,5,19,Saturday
BRP,Body Attack9.00-10.00am,2018-05-26,9:00:00,35,34,1999.0,2018,5,26,Saturday
SBP,Body Balan 11.30-12.30pm,2018-04-01,11:30:00,35,14,2499.0,2018,4,1,Sunday
SBP,Body Balan 11.30-12.30pm,2018-04-08,11:30:00,35,24,2499.0,2018,4,8,Sunday
SBP,Body Balan 11.30-12.30pm,2018-04-15,11:30:00,35,12,2499.0,2018,4,15,Sunday
SBP,Body Balan 11.30-12.30pm,2018-04-22,11:30:00,35,17,2499.0,2018,4,22,Sunday
SBP,Body Balan 11.30-12.30pm,2018-04-29,11:30:00,35,18,2499.0,2018,4,29,Sunday
SBP,Body Balan 11.30-12.30pm,2018-05-06,11:30:00,35,7,2499.0,2018,5,6,Sunday
SBP,Body Balan 11.30-12.30pm,2018-05-13,11:30:00,35,18,2499.0,2018,5,13,Sunday
SBP,Body Balan 11.30-12.30pm,2018-05-20,11:30:00,35,11,2499.0,2018,5,20,Sunday
SBP,Body Balan 11.30-12.30pm,2018-05-27,11:30:00,35,16,2499.0,2018,5,27,Sunday
SBP,Body Balance 11-12pm,2018-04-03,11:00:00,35,10,2499.0,2018,4,3,Tuesday
SBP,Body Balance 11-12pm,2018-04-05,11:00:00,35,13,2499.0,2018,4,5,Thursday
SBP,Body Balance 11-12pm,2018-04-06,11:00:00,35,14,2499.0,2018,4,6,Friday
SBP,Body Balance 11-12pm,2018-04-10,11:00:00,35,10,2499.0,2018,4,10,Tuesday
SBP,Body Balance 11-12pm,2018-04-12,11:00:00,35,15,2499.0,2018,4,12,Thursday
SBP,Body Balance 11-12pm,2018-04-13,11:00:00,35,12,2499.0,2018,4,13,Friday
SBP,Body Balance 11-12pm,2018-04-17,11:00:00,35,15,2499.0,2018,4,17,Tuesday
SBP,Body Balance 11-12pm,2018-04-19,11:00:00,35,10,2499.0,2018,4,19,Thursday
SBP,Body Balance 11-12pm,2018-04-20,11:00:00,35,12,2499.0,2018,4,20,Friday
SBP,Body Balance 11-12pm,2018-04-24,11:00:00,35,19,2499.0,2018,4,24,Tuesday
SBP,Body Balance 11-12pm,2018-04-26,11:00:00,35,16,2499.0,2018,4,26,Thursday
SBP,Body Balance 11-12pm,2018-04-27,11:00:00,35,14,2499.0,2018,4,27,Friday
SBP,Body Balance 11-12pm,2018-05-01,11:00:00,35,12,2499.0,2018,5,1,Tuesday
SBP,Body Balance 11-12pm,2018-05-03,11:00:00,35,9,2499.0,2018,5,3,Thursday
SBP,Body Balance 11-12pm,2018-05-04,11:00:00,35,13,2499.0,2018,5,4,Friday
SBP,Body Balance 11-12pm,2018-05-08,11:00:00,35,10,2499.0,2018,5,8,Tuesday
SBP,Body Balance 11-12pm,2018-05-10,11:00:00,35,15,2499.0,2018,5,10,Thursday
SBP,Body Balance 11-12pm,2018-05-11,11:00:00,35,13,2499.0,2018,5,11,Friday
SBP,Body Balance 11-12pm,2018-05-15,11:00:00,35,12,2499.0,2018,5,15,Tuesday
SBP,Body Balance 11-12pm,2018-05-17,11:00:00,35,10,2499.0,2018,5,17,Thursday
SBP,Body Balance 11-12pm,2018-05-24,11:00:00,35,7,2499.0,2018,5,24,Thursday
SBP,Body Balance 11-12pm,2018-05-25,11:00:00,35,12,2499.0,2018,5,25,Friday
SBP,Body Balance 11-12pm,2018-05-31,11:00:00,35,14,2499.0,2018,5,31,Thursday
SBP,Body Balance 11.30-12.30,2018-04-07,11:30:00,30,24,2499.0,2018,4,7,Saturday
SBP,Body Balance 11.30-12.30,2018-04-21,11:30:00,30,12,2499.0,2018,4,21,Saturday
SBP,Body Balance 11.30-12.30,2018-04-28,11:30:00,30,20,2499.0,2018,4,28,Saturday
SBP,Body Balance 11.30-12.30,2018-05-05,11:30:00,30,21,2499.0,2018,5,5,Saturday
SBP,Body Balance 11.30-12.30,2018-05-12,11:30:00,30,15,2499.0,2018,5,12,Saturday
SBP,Body Balance 11.30-12.30,2018-05-19,11:30:00,30,10,2499.0,2018,5,19,Saturday
NBL,Body Balance 12-1pm,2018-04-14,12:00:00,60,37,2499.0,2018,4,14,Saturday
SBP,Body Balance 12.30-1.30pm,2018-04-02,12:30:00,35,12,2499.0,2018,4,2,Monday
SBP,Body Balance 12.30-1.30pm,2018-04-09,12:30:00,35,6,2499.0,2018,4,9,Monday
SBP,Body Balance 12.30-1.30pm,2018-04-16,12:30:00,35,18,2499.0,2018,4,16,Monday
SBP,Body Balance 12.30-1.30pm,2018-04-23,12:30:00,35,11,2499.0,2018,4,23,Monday
SBP,Body Balance 12.30-1.30pm,2018-04-30,12:30:00,35,12,2499.0,2018,4,30,Monday
SBP,Body Balance 12.30-1.30pm,2018-05-07,12:30:00,35,3,2499.0,2018,5,7,Monday
SBP,Body Balance 12.30-1.30pm,2018-05-14,12:30:00,35,7,2499.0,2018,5,14,Monday
SBP,Body Balance 12.30-1.30pm,2018-05-21,12:30:00,35,7,2499.0,2018,5,21,Monday
SBP,Body Balance 12.30-1.30pm,2018-05-28,12:30:00,35,6,2499.0,2018,5,28,Monday
SBP,Body Balance 7pm-8pm,2018-04-04,19:00:00,35,30,2499.0,2018,4,4,Wednesday
SBP,Body Balance 7pm-8pm,2018-04-11,19:00:00,35,33,2499.0,2018,4,11,Wednesday
SBP,Body Balance 7pm-8pm,2018-04-18,19:00:00,35,30,2499.0,2018,4,18,Wednesday
SBP,Body Balance 7pm-8pm,2018-04-25,19:00:00,35,33,2499.0,2018,4,25,Wednesday
SBP,Body Balance 7pm-8pm,2018-05-02,19:00:00,35,29,2499.0,2018,5,2,Wednesday
SBP,Body Balance 7pm-8pm,2018-05-09,19:00:00,35,29,2499.0,2018,5,9,Wednesday
SBP,Body Balance 7pm-8pm,2018-05-16,19:00:00,35,28,2499.0,2018,5,16,Wednesday
SBP,Body Balance 7pm-8pm,2018-05-23,19:00:00,35,18,2499.0,2018,5,23,Wednesday
SBP,Body Balance 7pm-8pm,2018-05-30,19:00:00,35,24,2499.0,2018,5,30,Wednesday
SBP,Body Combat   5.00-6.00pm,2018-04-09,17:00:00,35,14,1499.0,2018,4,9,Monday
SBP,Body Combat   5.00-6.00pm,2018-04-16,17:00:00,35,15,1499.0,2018,4,16,Monday
SBP,Body Combat   5.00-6.00pm,2018-04-23,17:00:00,35,17,1499.0,2018,4,23,Monday
SBP,Body Combat   5.00-6.00pm,2018-04-30,17:00:00,35,15,1499.0,2018,4,30,Monday
SBP,Body Combat   5.00-6.00pm,2018-05-14,17:00:00,35,14,1499.0,2018,5,14,Monday
SBP,Body Combat   5.00-6.00pm,2018-05-21,17:00:00,35,13,1499.0,2018,5,21,Monday
BRP,Body Combat 10-11am,2018-04-07,10:00:00,35,32,1499.0,2018,4,7,Saturday
BRP,Body Combat 10-11am,2018-04-21,10:00:00,35,28,1499.0,2018,4,21,Saturday
BRP,Body Combat 10-11am,2018-04-28,10:00:00,35,27,1499.0,2018,4,28,Saturday
BRP,Body Combat 10-11am,2018-05-05,10:00:00,35,29,1499.0,2018,5,5,Saturday
BRP,Body Combat 10-11am,2018-05-12,10:00:00,35,22,1499.0,2018,5,12,Saturday
BRP,Body Combat 10-11am,2018-05-19,10:00:00,35,7,1499.0,2018,5,19,Saturday
SBP,Body Combat 10.00-11.00am,2018-04-05,10:00:00,40,27,1499.0,2018,4,5,Thursday
SBP,Body Combat 10.00-11.00am,2018-04-12,10:00:00,40,23,1499.0,2018,4,12,Thursday
SBP,Body Combat 10.00-11.00am,2018-04-19,10:00:00,40,26,1499.0,2018,4,19,Thursday
SBP,Body Combat 10.00-11.00am,2018-04-26,10:00:00,40,38,1499.0,2018,4,26,Thursday
SBP,Body Combat 10.00-11.00am,2018-05-03,10:00:00,40,28,1499.0,2018,5,3,Thursday
SBP,Body Combat 10.00-11.00am,2018-05-10,10:00:00,40,33,1499.0,2018,5,10,Thursday
SBP,Body Combat 10.00-11.00am,2018-05-17,10:00:00,40,31,1499.0,2018,5,17,Thursday
SBP,Body Combat 10.00-11.00am,2018-05-24,10:00:00,40,27,1499.0,2018,5,24,Thursday
SBP,Body Combat 10.00-11.00am,2018-05-31,10:00:00,40,28,1499.0,2018,5,31,Thursday
BRP,Body Combat 10.30,2018-05-26,10:30:00,35,25,1499.0,2018,5,26,Saturday
SBP,Body Combat 10.30-11.30,2018-04-07,10:30:00,35,34,1499.0,2018,4,7,Saturday
SBP,Body Combat 10.30-11.30,2018-04-21,10:30:00,35,25,1499.0,2018,4,21,Saturday
SBP,Body Combat 10.30-11.30,2018-04-28,10:30:00,35,34,1499.0,2018,4,28,Saturday
SBP,Body Combat 10.30-11.30,2018-05-05,10:30:00,35,32,1499.0,2018,5,5,Saturday
SBP,Body Combat 10.30-11.30,2018-05-12,10:30:00,35,35,1499.0,2018,5,12,Saturday
SBP,Body Combat 10.30-11.30,2018-05-19,10:30:00,35,24,1499.0,2018,5,19,Saturday
NBL,Body Combat 11-12pm,2018-04-14,11:00:00,60,60,1499.0,2018,4,14,Saturday
SBP,Body Combat 11.30-12.30pm,2018-04-02,11:30:00,35,26,1499.0,2018,4,2,Monday
SBP,Body Combat 11.30-12.30pm,2018-04-09,11:30:00,35,6,1499.0,2018,4,9,Monday
SBP,Body Combat 11.30-12.30pm,2018-04-16,11:30:00,35,7,1499.0,2018,4,16,Monday
SBP,Body Combat 11.30-12.30pm,2018-04-23,11:30:00,35,8,1499.0,2018,4,23,Monday
SBP,Body Combat 11.30-12.30pm,2018-04-30,11:30:00,35,7,1499.0,2018,4,30,Monday
SBP,Body Combat 11.30-12.30pm,2018-05-07,11:30:00,35,12,1499.0,2018,5,7,Monday
SBP,Body Combat 11.30-12.30pm,2018-05-14,11:30:00,35,9,1499.0,2018,5,14,Monday
SBP,Body Combat 11.30-12.30pm,2018-05-21,11:30:00,35,11,1499.0,2018,5,21,Monday
SBP,Body Combat 11.30-12.30pm,2018-05-28,11:30:00,35,16,1499.0,2018,5,28,Monday
BRP,Body Combat 5-6pm,2018-04-06,17:00:00,35,27,1499.0,2018,4,6,Friday
BRP,Body Combat 5-6pm,2018-04-13,17:00:00,35,29,1499.0,2018,4,13,Friday
BRP,Body Combat 5-6pm,2018-04-20,17:00:00,35,26,1499.0,2018,4,20,Friday
BRP,Body Combat 5-6pm,2018-04-27,17:00:00,35,32,1499.0,2018,4,27,Friday
BRP,Body Combat 5-6pm,2018-05-04,17:00:00,35,31,1499.0,2018,5,4,Friday
BRP,Body Combat 5-6pm,2018-05-11,17:00:00,35,29,1499.0,2018,5,11,Friday
BRP,Body Combat 5-6pm,2018-05-18,17:00:00,35,28,1499.0,2018,5,18,Friday
BRP,Body Combat 5-6pm,2018-05-25,17:00:00,35,27,1499.0,2018,5,25,Friday
SBP,Body Combat 5.00-6.00pm,2018-04-04,17:00:00,35,31,1499.0,2018,4,4,Wednesday
SBP,Body Combat 5.00-6.00pm,2018-04-11,17:00:00,35,28,1499.0,2018,4,11,Wednesday
SBP,Body Combat 5.00-6.00pm,2018-04-18,17:00:00,35,26,1499.0,2018,4,18,Wednesday
SBP,Body Combat 5.00-6.00pm,2018-04-25,17:00:00,35,32,1499.0,2018,4,25,Wednesday
SBP,Body Combat 5.00-6.00pm,2018-05-02,17:00:00,35,29,1499.0,2018,5,2,Wednesday
SBP,Body Combat 5.00-6.00pm,2018-05-09,17:00:00,35,22,1499.0,2018,5,9,Wednesday
SBP,Body Combat 5.00-6.00pm,2018-05-16,17:00:00,35,26,1499.0,2018,5,16,Wednesday
SBP,Body Combat 5.00-6.00pm,2018-05-23,17:00:00,35,27,1499.0,2018,5,23,Wednesday
SBP,Body Combat 5.00-6.00pm,2018-05-30,17:00:00,35,29,1499.0,2018,5,30,Wednesday
NBL,Body Combat 5.30-6.30pm,2018-04-05,17:30:00,60,15,1499.0,2018,4,5,Thursday
NBL,Body Combat 5.30-6.30pm,2018-04-12,17:30:00,60,11,1499.0,2018,4,12,Thursday
NBL,Body Combat 5.30-6.30pm,2018-04-19,17:30:00,60,17,1499.0,2018,4,19,Thursday
NBL,Body Combat 5.30-6.30pm,2018-04-26,17:30:00,60,15,1499.0,2018,4,26,Thursday
NBL,Body Combat 5.30-6.30pm,2018-05-03,17:30:00,60,13,1499.0,2018,5,3,Thursday
NBL,Body Combat 5.30-6.30pm,2018-05-10,17:30:00,60,14,1499.0,2018,5,10,Thursday
NBL,Body Combat 5.30-6.30pm,2018-05-17,17:30:00,60,11,1499.0,2018,5,17,Thursday
NBL,Body Combat 5.30-6.30pm,2018-05-24,17:30:00,60,11,1499.0,2018,5,24,Thursday
NBL,Body Combat 5.30-6.30pm,2018-05-31,17:30:00,60,15,1499.0,2018,5,31,Thursday
NBL,Body Combat 5.45-6.45pm,2018-04-04,17:45:00,60,19,1499.0,2018,4,4,Wednesday
NBL,Body Combat 5.45-6.45pm,2018-04-11,17:45:00,60,33,1499.0,2018,4,11,Wednesday
NBL,Body Combat 5.45-6.45pm,2018-04-18,17:45:00,60,21,1499.0,2018,4,18,Wednesday
NBL,Body Combat 5.45-6.45pm,2018-04-25,17:45:00,60,19,1499.0,2018,4,25,Wednesday
NBL,Body Combat 5.45-6.45pm,2018-05-02,17:45:00,60,23,1499.0,2018,5,2,Wednesday
NBL,Body Combat 5.45-6.45pm,2018-05-09,17:45:00,60,20,1499.0,2018,5,9,Wednesday
NBL,Body Combat 5.45-6.45pm,2018-05-16,17:45:00,60,16,1499.0,2018,5,16,Wednesday
NBL,Body Combat 5.45-6.45pm,2018-05-23,17:45:00,60,14,1499.0,2018,5,23,Wednesday
NBL,Body Combat 5.45-6.45pm,2018-05-30,17:45:00,60,20,1499.0,2018,5,30,Wednesday
SBP,Body Combat 6-7.00pm,2018-04-06,18:00:00,35,29,1499.0,2018,4,6,Friday
SBP,Body Combat 6-7.00pm,2018-04-13,18:00:00,35,30,1499.0,2018,4,13,Friday
SBP,Body Combat 6-7.00pm,2018-04-20,18:00:00,35,27,1499.0,2018,4,20,Friday
SBP,Body Combat 6-7.00pm,2018-04-27,18:00:00,35,25,1499.0,2018,4,27,Friday
SBP,Body Combat 6-7.00pm,2018-05-04,18:00:00,35,34,1499.0,2018,5,4,Friday
SBP,Body Combat 6-7.00pm,2018-05-11,18:00:00,35,28,1499.0,2018,5,11,Friday
SBP,Body Combat 6-7.00pm,2018-05-18,18:00:00,35,27,1499.0,2018,5,18,Friday
SBP,Body Combat 6-7.00pm,2018-05-25,18:00:00,35,28,1499.0,2018,5,25,Friday
BRP,Body Combat 6.00-7.00pm,2018-04-05,18:00:00,35,31,1499.0,2018,4,5,Thursday
BRP,Body Combat 6.00-7.00pm,2018-04-12,18:00:00,35,25,1499.0,2018,4,12,Thursday
BRP,Body Combat 6.00-7.00pm,2018-04-19,18:00:00,35,24,1499.0,2018,4,19,Thursday
BRP,Body Combat 6.00-7.00pm,2018-04-26,18:00:00,35,28,1499.0,2018,4,26,Thursday
BRP,Body Combat 6.00-7.00pm,2018-05-03,18:00:00,35,26,1499.0,2018,5,3,Thursday
BRP,Body Combat 6.00-7.00pm,2018-05-17,18:00:00,35,30,1499.0,2018,5,17,Thursday
BRP,Body Combat 6.00-7.00pm,2018-05-24,18:00:00,35,23,1499.0,2018,5,24,Thursday
BRP,Body Combat 6.00-7.00pm,2018-05-31,18:00:00,35,31,1499.0,2018,5,31,Thursday
NBL,Body Combat 6.45-7.45pm,2018-04-09,18:45:00,60,22,1499.0,2018,4,9,Monday
NBL,Body Combat 6.45-7.45pm,2018-04-16,18:45:00,60,17,1499.0,2018,4,16,Monday
NBL,Body Combat 6.45-7.45pm,2018-04-23,18:45:00,60,16,1499.0,2018,4,23,Monday
NBL,Body Combat 6.45-7.45pm,2018-04-30,18:45:00,60,18,1499.0,2018,4,30,Monday
NBL,Body Combat 6.45-7.45pm,2018-05-07,17:30:00,60,4,1499.0,2018,5,7,Monday
NBL,Body Combat 6.45-7.45pm,2018-05-14,18:45:00,60,11,1499.0,2018,5,14,Monday
NBL,Body Combat 6.45-7.45pm,2018-05-21,18:45:00,60,10,1499.0,2018,5,21,Monday
BRP,Body Combat 7.00-8.00am,2018-04-09,7:00:00,35,11,1499.0,2018,4,9,Monday
BRP,Body Combat 7.00-8.00am,2018-04-16,7:00:00,35,15,1499.0,2018,4,16,Monday
BRP,Body Combat 7.00-8.00am,2018-04-23,7:00:00,35,11,1499.0,2018,4,23,Monday
BRP,Body Combat 7.00-8.00am,2018-04-30,7:00:00,35,11,1499.0,2018,4,30,Monday
BRP,Body Combat 7.00-8.00am,2018-05-14,7:00:00,35,11,1499.0,2018,5,14,Monday
BRP,Body Combat 7.00-8.00am,2018-05-21,7:00:00,35,11,1499.0,2018,5,21,Monday
BRP,Body Combat 7.00-8.00pm,2018-04-09,19:00:00,35,33,1499.0,2018,4,9,Monday
BRP,Body Combat 7.00-8.00pm,2018-04-16,19:00:00,35,31,1499.0,2018,4,16,Monday
BRP,Body Combat 7.00-8.00pm,2018-04-23,19:00:00,35,32,1499.0,2018,4,23,Monday
BRP,Body Combat 7.00-8.00pm,2018-04-30,19:00:00,35,29,1499.0,2018,4,30,Monday
BRP,Body Combat 7.00-8.00pm,2018-05-14,19:00:00,35,33,1499.0,2018,5,14,Monday
BRP,Body Combat 7.00-8.00pm,2018-05-21,19:00:00,35,30,1499.0,2018,5,21,Monday
SBP,Body Combat 7.00-8.00pm,2018-04-03,19:00:00,35,32,1499.0,2018,4,3,Tuesday
SBP,Body Combat 7.00-8.00pm,2018-04-09,19:00:00,40,31,1499.0,2018,4,9,Monday
SBP,Body Combat 7.00-8.00pm,2018-04-10,19:00:00,35,31,1499.0,2018,4,10,Tuesday
SBP,Body Combat 7.00-8.00pm,2018-04-16,19:00:00,40,32,1499.0,2018,4,16,Monday
SBP,Body Combat 7.00-8.00pm,2018-04-17,19:00:00,35,27,1499.0,2018,4,17,Tuesday
SBP,Body Combat 7.00-8.00pm,2018-04-23,19:00:00,40,37,1499.0,2018,4,23,Monday
SBP,Body Combat 7.00-8.00pm,2018-04-24,19:00:00,35,31,1499.0,2018,4,24,Tuesday
SBP,Body Combat 7.00-8.00pm,2018-04-30,19:00:00,40,33,1499.0,2018,4,30,Monday
SBP,Body Combat 7.00-8.00pm,2018-05-01,19:00:00,35,30,1499.0,2018,5,1,Tuesday
SBP,Body Combat 7.00-8.00pm,2018-05-08,19:00:00,35,24,1499.0,2018,5,8,Tuesday
SBP,Body Combat 7.00-8.00pm,2018-05-14,19:00:00,40,32,1499.0,2018,5,14,Monday
SBP,Body Combat 7.00-8.00pm,2018-05-15,19:00:00,35,30,1499.0,2018,5,15,Tuesday
SBP,Body Combat 7.00-8.00pm,2018-05-21,19:00:00,40,33,1499.0,2018,5,21,Monday
SBP,Body Combat 7.00-8.00pm,2018-05-22,19:00:00,35,25,1499.0,2018,5,22,Tuesday
SBP,Body Combat 7.00-8.00pm,2018-05-29,19:00:00,35,29,1499.0,2018,5,29,Tuesday
BRP,Body Combat 9-10am,2018-04-01,9:00:00,35,29,1499.0,2018,4,1,Sunday
BRP,Body Combat 9-10am,2018-04-08,9:00:00,35,27,1499.0,2018,4,8,Sunday
BRP,Body Combat 9-10am,2018-04-15,9:00:00,35,31,1499.0,2018,4,15,Sunday
BRP,Body Combat 9-10am,2018-04-22,9:00:00,35,32,1499.0,2018,4,22,Sunday
BRP,Body Combat 9-10am,2018-04-29,9:00:00,35,31,1499.0,2018,4,29,Sunday
BRP,Body Combat 9-10am,2018-05-06,9:00:00,35,25,1499.0,2018,5,6,Sunday
BRP,Body Combat 9-10am,2018-05-13,9:00:00,35,30,1499.0,2018,5,13,Sunday
BRP,Body Combat 9-10am,2018-05-20,9:00:00,35,29,1499.0,2018,5,20,Sunday
BRP,Body Combat 9-10am,2018-05-27,9:00:00,35,27,1499.0,2018,5,27,Sunday
SBP,Body Combat 9.15-10.15am,2018-04-01,9:15:00,35,28,1499.0,2018,4,1,Sunday
SBP,Body Combat 9.15-10.15am,2018-04-08,9:15:00,35,35,1499.0,2018,4,8,Sunday
SBP,Body Combat 9.15-10.15am,2018-04-15,9:15:00,35,33,1499.0,2018,4,15,Sunday
SBP,Body Combat 9.15-10.15am,2018-04-22,9:15:00,35,35,1499.0,2018,4,22,Sunday
SBP,Body Combat 9.15-10.15am,2018-04-29,9:15:00,35,35,1499.0,2018,4,29,Sunday
SBP,Body Combat 9.15-10.15am,2018-05-06,9:15:00,35,35,1499.0,2018,5,6,Sunday
SBP,Body Combat 9.15-10.15am,2018-05-13,9:15:00,35,28,1499.0,2018,5,13,Sunday
SBP,Body Combat 9.15-10.15am,2018-05-20,9:15:00,35,35,1499.0,2018,5,20,Sunday
SBP,Body Combat 9.15-10.15am,2018-05-27,9:15:00,35,32,1499.0,2018,5,27,Sunday
TSC,Body Con 09.30-10.30am,2018-04-02,9:30:00,24,19,1299.0,2018,4,2,Monday
TSC,Body Con 09.30-10.30am,2018-04-09,9:30:00,24,17,1299.0,2018,4,9,Monday
TSC,Body Con 09.30-10.30am,2018-04-16,9:30:00,24,20,1299.0,2018,4,16,Monday
TSC,Body Con 09.30-10.30am,2018-04-23,9:30:00,24,21,1299.0,2018,4,23,Monday
TSC,Body Con 09.30-10.30am,2018-04-30,9:30:00,24,24,1299.0,2018,4,30,Monday
TSC,Body Con 09.30-10.30am,2018-05-07,9:30:00,24,23,1299.0,2018,5,7,Monday
TSC,Body Con 09.30-10.30am,2018-05-14,9:30:00,24,22,1299.0,2018,5,14,Monday
TSC,Body Con 09.30-10.30am,2018-05-21,9:30:00,24,16,1299.0,2018,5,21,Monday
TSC,Body Con 09.30-10.30am,2018-05-28,9:30:00,24,19,1299.0,2018,5,28,Monday
TSC,Body Con 1.45-2.30pm,2018-04-06,13:45:00,24,6,1299.0,2018,4,6,Friday
TSC,Body Con 1.45-2.30pm,2018-04-13,13:45:00,24,6,1299.0,2018,4,13,Friday
TSC,Body Con 1.45-2.30pm,2018-04-20,13:45:00,24,9,1299.0,2018,4,20,Friday
TSC,Body Con 1.45-2.30pm,2018-04-27,13:45:00,24,6,1299.0,2018,4,27,Friday
TSC,Body Con 1.45-2.30pm,2018-05-04,13:45:00,24,1,1299.0,2018,5,4,Friday
TSC,Body Con 1.45-2.30pm,2018-05-11,13:45:00,24,7,1299.0,2018,5,11,Friday
TSC,Body Con 1.45-2.30pm,2018-05-18,13:45:00,24,5,1299.0,2018,5,18,Friday
TSC,Body Con 1.45-2.30pm,2018-05-25,13:45:00,24,7,1299.0,2018,5,25,Friday
SBP,Body Con 10.30-11.30am,2018-04-01,10:30:00,40,24,1299.0,2018,4,1,Sunday
SBP,Body Con 10.30-11.30am,2018-04-02,10:30:00,35,18,1299.0,2018,4,2,Monday
SBP,Body Con 10.30-11.30am,2018-04-08,10:30:00,40,23,1299.0,2018,4,8,Sunday
SBP,Body Con 10.30-11.30am,2018-04-09,10:30:00,35,21,1299.0,2018,4,9,Monday
SBP,Body Con 10.30-11.30am,2018-04-15,10:30:00,40,29,1299.0,2018,4,15,Sunday
SBP,Body Con 10.30-11.30am,2018-04-16,10:30:00,35,19,1299.0,2018,4,16,Monday
SBP,Body Con 10.30-11.30am,2018-04-22,10:30:00,40,26,1299.0,2018,4,22,Sunday
SBP,Body Con 10.30-11.30am,2018-04-23,10:30:00,35,22,1299.0,2018,4,23,Monday
SBP,Body Con 10.30-11.30am,2018-04-29,10:30:00,40,29,1299.0,2018,4,29,Sunday
SBP,Body Con 10.30-11.30am,2018-04-30,10:30:00,35,24,1299.0,2018,4,30,Monday
SBP,Body Con 10.30-11.30am,2018-05-06,10:30:00,40,19,1299.0,2018,5,6,Sunday
SBP,Body Con 10.30-11.30am,2018-05-07,10:30:00,35,26,1299.0,2018,5,7,Monday
SBP,Body Con 10.30-11.30am,2018-05-13,10:30:00,40,28,1299.0,2018,5,13,Sunday
SBP,Body Con 10.30-11.30am,2018-05-14,10:30:00,35,22,1299.0,2018,5,14,Monday
SBP,Body Con 10.30-11.30am,2018-05-20,10:30:00,40,24,1299.0,2018,5,20,Sunday
SBP,Body Con 10.30-11.30am,2018-05-21,10:30:00,35,17,1299.0,2018,5,21,Monday
SBP,Body Con 10.30-11.30am,2018-05-27,10:30:00,40,25,1299.0,2018,5,27,Sunday
SBP,Body Con 10.30-11.30am,2018-05-28,10:30:00,35,27,1299.0,2018,5,28,Monday
TSC,Body Con 11.30am-12.30pm,2018-04-04,11:30:00,24,6,1299.0,2018,4,4,Wednesday
TSC,Body Con 11.30am-12.30pm,2018-04-11,11:30:00,24,8,1299.0,2018,4,11,Wednesday
TSC,Body Con 11.30am-12.30pm,2018-04-18,11:30:00,24,10,1299.0,2018,4,18,Wednesday
TSC,Body Con 11.30am-12.30pm,2018-04-25,11:30:00,24,11,1299.0,2018,4,25,Wednesday
TSC,Body Con 11.30am-12.30pm,2018-05-02,11:30:00,24,12,1299.0,2018,5,2,Wednesday
TSC,Body Con 11.30am-12.30pm,2018-05-09,11:30:00,24,12,1299.0,2018,5,9,Wednesday
TSC,Body Con 11.30am-12.30pm,2018-05-16,11:30:00,24,13,1299.0,2018,5,16,Wednesday
TSC,Body Con 11.30am-12.30pm,2018-05-23,11:30:00,24,11,1299.0,2018,5,23,Wednesday
TSC,Body Con 11.30am-12.30pm,2018-05-30,11:30:00,24,11,1299.0,2018,5,30,Wednesday
BRP,Body Con 4.30-5.30pm,2018-04-04,16:30:00,35,26,1299.0,2018,4,4,Wednesday
BRP,Body Con 4.30-5.30pm,2018-04-11,16:30:00,35,21,1299.0,2018,4,11,Wednesday
BRP,Body Con 4.30-5.30pm,2018-04-18,16:30:00,35,20,1299.0,2018,4,18,Wednesday
BRP,Body Con 4.30-5.30pm,2018-04-25,16:30:00,35,19,1299.0,2018,4,25,Wednesday
BRP,Body Con 4.30-5.30pm,2018-05-02,16:30:00,35,22,1299.0,2018,5,2,Wednesday
BRP,Body Con 4.30-5.30pm,2018-05-16,16:30:00,35,27,1299.0,2018,5,16,Wednesday
BRP,Body Con 4.30-5.30pm,2018-05-23,16:30:00,35,17,1299.0,2018,5,23,Wednesday
BRP,Body Con 4.30-5.30pm,2018-05-30,16:30:00,35,24,1299.0,2018,5,30,Wednesday
BRP,Body Cond  11-12noon,2018-04-02,11:00:00,35,26,1299.0,2018,4,2,Monday
BRP,Body Cond  11-12noon,2018-04-09,11:00:00,35,18,1299.0,2018,4,9,Monday
BRP,Body Cond  11-12noon,2018-04-16,11:00:00,35,22,1299.0,2018,4,16,Monday
BRP,Body Cond  11-12noon,2018-04-23,11:00:00,35,18,1299.0,2018,4,23,Monday
BRP,Body Cond  11-12noon,2018-04-30,11:00:00,35,27,1299.0,2018,4,30,Monday
BRP,Body Cond  11-12noon,2018-05-07,11:00:00,35,23,1299.0,2018,5,7,Monday
BRP,Body Cond  11-12noon,2018-05-14,11:00:00,35,19,1299.0,2018,5,14,Monday
BRP,Body Cond  11-12noon,2018-05-28,11:00:00,35,18,1299.0,2018,5,28,Monday
SBP,Body Cond 10-11am,2018-04-06,10:00:00,35,29,1299.0,2018,4,6,Friday
SBP,Body Cond 10-11am,2018-04-13,10:00:00,35,15,1299.0,2018,4,13,Friday
SBP,Body Cond 10-11am,2018-04-20,10:00:00,35,27,1299.0,2018,4,20,Friday
SBP,Body Cond 10-11am,2018-04-27,10:00:00,35,31,1299.0,2018,4,27,Friday
SBP,Body Cond 10-11am,2018-05-04,10:00:00,35,31,1299.0,2018,5,4,Friday
SBP,Body Cond 10-11am,2018-05-11,10:00:00,35,32,1299.0,2018,5,11,Friday
SBP,Body Cond 10-11am,2018-05-25,10:00:00,35,21,1299.0,2018,5,25,Friday
SBP,Body Cond 10.30-11.30am,2018-04-04,10:30:00,35,20,1299.0,2018,4,4,Wednesday
SBP,Body Cond 10.30-11.30am,2018-04-11,10:30:00,35,25,1299.0,2018,4,11,Wednesday
SBP,Body Cond 10.30-11.30am,2018-04-18,10:30:00,35,27,1299.0,2018,4,18,Wednesday
SBP,Body Cond 10.30-11.30am,2018-04-25,10:30:00,35,33,1299.0,2018,4,25,Wednesday
SBP,Body Cond 10.30-11.30am,2018-05-02,10:30:00,35,24,1299.0,2018,5,2,Wednesday
SBP,Body Cond 10.30-11.30am,2018-05-09,10:30:00,35,31,1299.0,2018,5,9,Wednesday
SBP,Body Cond 10.30-11.30am,2018-05-16,10:30:00,35,23,1299.0,2018,5,16,Wednesday
SBP,Body Cond 10.30-11.30am,2018-05-23,10:30:00,35,21,1299.0,2018,5,23,Wednesday
SBP,Body Cond 10.30-11.30am,2018-05-30,10:30:00,35,16,1299.0,2018,5,30,Wednesday
BRP,Body Cond 11-12,2018-04-07,11:00:00,35,28,1299.0,2018,4,7,Saturday
BRP,Body Cond 11-12,2018-04-21,11:00:00,35,27,1299.0,2018,4,21,Saturday
BRP,Body Cond 11-12,2018-04-28,11:00:00,35,26,1299.0,2018,4,28,Saturday
BRP,Body Cond 11-12,2018-05-05,11:00:00,35,21,1299.0,2018,5,5,Saturday
BRP,Body Cond 11-12,2018-05-12,11:00:00,35,18,1299.0,2018,5,12,Saturday
BRP,Body Cond 11-12,2018-05-19,11:00:00,35,12,1299.0,2018,5,19,Saturday
HXP,Body Cond 12.00 - 1.00pm,2018-04-06,12:00:00,25,22,1299.0,2018,4,6,Friday
HXP,Body Cond 12.00 - 1.00pm,2018-04-13,12:00:00,25,21,1299.0,2018,4,13,Friday
HXP,Body Cond 12.00 - 1.00pm,2018-04-20,12:00:00,25,15,1299.0,2018,4,20,Friday
HXP,Body Cond 12.00 - 1.00pm,2018-04-27,12:00:00,25,25,1299.0,2018,4,27,Friday
HXP,Body Cond 12.00 - 1.00pm,2018-05-04,12:00:00,25,25,1299.0,2018,5,4,Friday
HXP,Body Cond 12.00 - 1.00pm,2018-05-11,12:00:00,25,18,1299.0,2018,5,11,Friday
HXP,Body Cond 12.00 - 1.00pm,2018-05-18,12:00:00,25,25,1299.0,2018,5,18,Friday
BRP,Body Cond 12.00-12.45pm,2018-04-04,12:00:00,35,18,1299.0,2018,4,4,Wednesday
BRP,Body Cond 12.00-12.45pm,2018-04-11,12:00:00,35,12,1299.0,2018,4,11,Wednesday
BRP,Body Cond 12.00-12.45pm,2018-04-25,12:00:00,35,12,1299.0,2018,4,25,Wednesday
BRP,Body Cond 12.00-12.45pm,2018-05-02,12:00:00,35,13,1299.0,2018,5,2,Wednesday
BRP,Body Cond 12.00-12.45pm,2018-05-09,12:00:00,35,17,1299.0,2018,5,9,Wednesday
BRP,Body Cond 12.00-12.45pm,2018-05-16,12:00:00,35,11,1299.0,2018,5,16,Wednesday
BRP,Body Cond 12.00-12.45pm,2018-05-23,12:00:00,35,17,1299.0,2018,5,23,Wednesday
BRP,Body Cond 12.00-12.45pm,2018-05-30,12:00:00,35,16,1299.0,2018,5,30,Wednesday
NBL,Body Cond 12.45-1.45pm,2018-04-06,12:45:00,60,6,1299.0,2018,4,6,Friday
NBL,Body Cond 12.45-1.45pm,2018-04-13,12:45:00,60,11,1299.0,2018,4,13,Friday
NBL,Body Cond 12.45-1.45pm,2018-04-20,12:45:00,60,12,1299.0,2018,4,20,Friday
NBL,Body Cond 12.45-1.45pm,2018-04-27,12:45:00,60,8,1299.0,2018,4,27,Friday
NBL,Body Cond 12.45-1.45pm,2018-05-11,12:45:00,60,5,1299.0,2018,5,11,Friday
NBL,Body Cond 12.45-1.45pm,2018-05-25,12:45:00,60,8,1299.0,2018,5,25,Friday
HXP,Body Cond 3.50pm - 4.50pm,2018-04-08,15:50:00,25,13,1299.0,2018,4,8,Sunday
HXP,Body Cond 3.50pm - 4.50pm,2018-04-15,15:50:00,25,14,1299.0,2018,4,15,Sunday
HXP,Body Cond 3.50pm - 4.50pm,2018-04-22,15:50:00,25,11,1299.0,2018,4,22,Sunday
HXP,Body Cond 3.50pm - 4.50pm,2018-04-29,15:50:00,25,7,1299.0,2018,4,29,Sunday
HXP,Body Cond 3.50pm - 4.50pm,2018-05-13,15:50:00,25,6,1299.0,2018,5,13,Sunday
HXP,Body Cond 3.50pm - 4.50pm,2018-05-20,15:50:00,25,8,1299.0,2018,5,20,Sunday
HXP,Body Cond 3.50pm - 4.50pm,2018-05-27,15:50:00,25,3,1299.0,2018,5,27,Sunday
SBP,Body Cond 5.00-6.00pm,2018-04-03,17:00:00,35,18,1299.0,2018,4,3,Tuesday
SBP,Body Cond 5.00-6.00pm,2018-04-10,17:00:00,35,18,1299.0,2018,4,10,Tuesday
SBP,Body Cond 5.00-6.00pm,2018-04-17,17:00:00,35,20,1299.0,2018,4,17,Tuesday
SBP,Body Cond 5.00-6.00pm,2018-04-24,17:00:00,35,20,1299.0,2018,4,24,Tuesday
SBP,Body Cond 5.00-6.00pm,2018-05-01,17:00:00,35,30,1299.0,2018,5,1,Tuesday
SBP,Body Cond 5.00-6.00pm,2018-05-08,17:00:00,35,24,1299.0,2018,5,8,Tuesday
SBP,Body Cond 5.00-6.00pm,2018-05-15,17:00:00,35,27,1299.0,2018,5,15,Tuesday
SBP,Body Cond 5.00-6.00pm,2018-05-22,17:00:00,35,26,1299.0,2018,5,22,Tuesday
SBP,Body Cond 5.00-6.00pm,2018-05-29,17:00:00,35,17,1299.0,2018,5,29,Tuesday
NBL,Body Cond 6.30-7.30pm,2018-04-03,18:30:00,60,33,1299.0,2018,4,3,Tuesday
NBL,Body Cond 6.30-7.30pm,2018-04-10,18:30:00,60,34,1299.0,2018,4,10,Tuesday
NBL,Body Cond 6.30-7.30pm,2018-04-17,18:30:00,60,36,1299.0,2018,4,17,Tuesday
NBL,Body Cond 6.30-7.30pm,2018-04-24,18:30:00,60,45,1299.0,2018,4,24,Tuesday
NBL,Body Cond 6.30-7.30pm,2018-05-01,18:30:00,60,35,1299.0,2018,5,1,Tuesday
NBL,Body Cond 6.30-7.30pm,2018-05-08,18:30:00,60,26,1299.0,2018,5,8,Tuesday
NBL,Body Cond 6.30-7.30pm,2018-05-15,18:30:00,60,35,1299.0,2018,5,15,Tuesday
NBL,Body Cond 6.30-7.30pm,2018-05-22,18:30:00,60,29,1299.0,2018,5,22,Tuesday
NBL,Body Cond 6.30-7.30pm,2018-05-29,18:30:00,60,21,1299.0,2018,5,29,Tuesday
HXP,Body Cond 7.30-8.30pm,2018-04-04,19:30:00,25,17,1299.0,2018,4,4,Wednesday
HXP,Body Cond 7.30-8.30pm,2018-04-09,19:30:00,25,16,1299.0,2018,4,9,Monday
HXP,Body Cond 7.30-8.30pm,2018-04-11,19:30:00,25,20,1299.0,2018,4,11,Wednesday
HXP,Body Cond 7.30-8.30pm,2018-04-16,19:30:00,25,19,1299.0,2018,4,16,Monday
HXP,Body Cond 7.30-8.30pm,2018-04-18,19:30:00,25,19,1299.0,2018,4,18,Wednesday
HXP,Body Cond 7.30-8.30pm,2018-04-23,19:30:00,25,24,1299.0,2018,4,23,Monday
HXP,Body Cond 7.30-8.30pm,2018-04-25,19:30:00,25,15,1299.0,2018,4,25,Wednesday
HXP,Body Cond 7.30-8.30pm,2018-04-30,19:30:00,25,18,1299.0,2018,4,30,Monday
HXP,Body Cond 7.30-8.30pm,2018-05-02,19:30:00,25,22,1299.0,2018,5,2,Wednesday
HXP,Body Cond 7.30-8.30pm,2018-05-09,19:30:00,25,25,1299.0,2018,5,9,Wednesday
HXP,Body Cond 7.30-8.30pm,2018-05-14,19:30:00,25,26,1299.0,2018,5,14,Monday
HXP,Body Cond 7.30-8.30pm,2018-05-16,19:30:00,25,21,1299.0,2018,5,16,Wednesday
HXP,Body Cond 7.30-8.30pm,2018-05-21,19:30:00,25,25,1299.0,2018,5,21,Monday
HXP,Body Cond 7.30-8.30pm,2018-05-23,19:30:00,25,20,1299.0,2018,5,23,Wednesday
BRP,Body Cond 8.00-9.00pm,2018-04-09,20:00:00,35,32,1299.0,2018,4,9,Monday
BRP,Body Cond 8.00-9.00pm,2018-04-16,20:00:00,35,30,1299.0,2018,4,16,Monday
BRP,Body Cond 8.00-9.00pm,2018-04-23,20:00:00,35,32,1299.0,2018,4,23,Monday
BRP,Body Cond 8.00-9.00pm,2018-04-30,20:00:00,35,34,1299.0,2018,4,30,Monday
BRP,Body Cond 8.00-9.00pm,2018-05-14,20:00:00,35,24,1299.0,2018,5,14,Monday
BRP,Body Cond 8.00-9.00pm,2018-05-21,20:00:00,35,32,1299.0,2018,5,21,Monday
TSC,Body Cond 9.30-10.15am,2018-04-07,9:30:00,24,10,1299.0,2018,4,7,Saturday
TSC,Body Cond 9.30-10.15am,2018-04-14,9:30:00,24,9,1299.0,2018,4,14,Saturday
TSC,Body Cond 9.30-10.15am,2018-04-21,9:30:00,24,8,1299.0,2018,4,21,Saturday
TSC,Body Cond 9.30-10.15am,2018-04-28,9:30:00,24,12,1299.0,2018,4,28,Saturday
TSC,Body Cond 9.30-10.15am,2018-05-05,9:30:00,24,18,1299.0,2018,5,5,Saturday
TSC,Body Cond 9.30-10.15am,2018-05-12,9:30:00,24,12,1299.0,2018,5,12,Saturday
TSC,Body Cond 9.30-10.15am,2018-05-19,9:30:00,24,13,1299.0,2018,5,19,Saturday
TSC,Body Cond 9.30-10.15am,2018-05-26,9:30:00,24,17,1299.0,2018,5,26,Saturday
HXP,Body Condition 10 -11am,2018-04-03,10:00:00,25,16,1299.0,2018,4,3,Tuesday
HXP,Body Condition 10 -11am,2018-04-10,10:00:00,25,23,1299.0,2018,4,10,Tuesday
HXP,Body Condition 10 -11am,2018-04-17,10:00:00,25,25,1299.0,2018,4,17,Tuesday
HXP,Body Condition 10 -11am,2018-04-24,10:00:00,25,23,1299.0,2018,4,24,Tuesday
HXP,Body Condition 10 -11am,2018-05-01,10:00:00,25,17,1299.0,2018,5,1,Tuesday
HXP,Body Condition 10 -11am,2018-05-08,10:00:00,25,21,1299.0,2018,5,8,Tuesday
HXP,Body Condition 10 -11am,2018-05-15,10:00:00,25,23,1299.0,2018,5,15,Tuesday
HXP,Body Condition 10 -11am,2018-05-22,10:00:00,25,25,1299.0,2018,5,22,Tuesday
HXP,Body Condition 10 -11am,2018-05-29,10:00:00,25,20,1299.0,2018,5,29,Tuesday
BRP,Body Conditioning,2018-04-03,18:30:00,35,29,1299.0,2018,4,3,Tuesday
BRP,Body Conditioning,2018-04-10,18:30:00,35,28,1299.0,2018,4,10,Tuesday
BRP,Body Conditioning,2018-04-17,18:30:00,35,29,1299.0,2018,4,17,Tuesday
BRP,Body Conditioning,2018-04-24,18:30:00,35,32,1299.0,2018,4,24,Tuesday
BRP,Body Conditioning,2018-05-01,18:30:00,35,30,1299.0,2018,5,1,Tuesday
BRP,Body Conditioning,2018-05-08,18:30:00,35,29,1299.0,2018,5,8,Tuesday
BRP,Body Conditioning,2018-05-15,18:30:00,35,31,1299.0,2018,5,15,Tuesday
BRP,Body Conditioning,2018-05-22,18:30:00,35,31,1299.0,2018,5,22,Tuesday
BRP,Body Conditioning,2018-05-29,18:30:00,35,27,1299.0,2018,5,29,Tuesday
HXP,Body Conditioning 10-11am,2018-04-04,10:00:00,25,14,1299.0,2018,4,4,Wednesday
HXP,Body Conditioning 10-11am,2018-04-11,10:00:00,25,12,1299.0,2018,4,11,Wednesday
HXP,Body Conditioning 10-11am,2018-04-18,10:00:00,25,16,1299.0,2018,4,18,Wednesday
HXP,Body Conditioning 10-11am,2018-04-25,10:00:00,25,18,1299.0,2018,4,25,Wednesday
HXP,Body Conditioning 10-11am,2018-05-02,10:00:00,25,12,1299.0,2018,5,2,Wednesday
HXP,Body Conditioning 10-11am,2018-05-09,10:00:00,25,15,1299.0,2018,5,9,Wednesday
HXP,Body Conditioning 10-11am,2018-05-16,10:00:00,25,16,1299.0,2018,5,16,Wednesday
HXP,Body Conditioning 10-11am,2018-05-23,10:00:00,25,20,1299.0,2018,5,23,Wednesday
HXP,Body Conditioning 10-11am,2018-05-30,10:00:00,25,16,1299.0,2018,5,30,Wednesday
TSC,Body Conditioning 10-11am,2018-04-01,10:00:00,30,13,1299.0,2018,4,1,Sunday
TSC,Body Conditioning 10-11am,2018-04-06,10:00:00,30,14,1299.0,2018,4,6,Friday
TSC,Body Conditioning 10-11am,2018-04-08,10:00:00,30,18,1299.0,2018,4,8,Sunday
TSC,Body Conditioning 10-11am,2018-04-13,10:00:00,30,15,1299.0,2018,4,13,Friday
TSC,Body Conditioning 10-11am,2018-04-15,10:00:00,30,21,1299.0,2018,4,15,Sunday
TSC,Body Conditioning 10-11am,2018-04-20,10:00:00,30,13,1299.0,2018,4,20,Friday
TSC,Body Conditioning 10-11am,2018-04-22,10:00:00,30,14,1299.0,2018,4,22,Sunday
TSC,Body Conditioning 10-11am,2018-04-27,10:00:00,30,13,1299.0,2018,4,27,Friday
TSC,Body Conditioning 10-11am,2018-04-29,10:00:00,30,17,1299.0,2018,4,29,Sunday
TSC,Body Conditioning 10-11am,2018-05-04,10:00:00,30,15,1299.0,2018,5,4,Friday
TSC,Body Conditioning 10-11am,2018-05-06,10:00:00,30,15,1299.0,2018,5,6,Sunday
TSC,Body Conditioning 10-11am,2018-05-11,10:00:00,30,14,1299.0,2018,5,11,Friday
TSC,Body Conditioning 10-11am,2018-05-13,10:00:00,30,17,1299.0,2018,5,13,Sunday
TSC,Body Conditioning 10-11am,2018-05-18,10:00:00,30,23,1299.0,2018,5,18,Friday
TSC,Body Conditioning 10-11am,2018-05-20,10:00:00,30,13,1299.0,2018,5,20,Sunday
TSC,Body Conditioning 10-11am,2018-05-25,10:00:00,30,16,1299.0,2018,5,25,Friday
TSC,Body Conditioning 10-11am,2018-05-27,10:00:00,30,16,1299.0,2018,5,27,Sunday
BRP,Body Conditioning 11.30am,2018-05-26,11:30:00,35,12,1299.0,2018,5,26,Saturday
SBP,Body Conditioning 8-9pm,2018-04-09,20:00:00,35,9,1299.0,2018,4,9,Monday
SBP,Body Conditioning 8-9pm,2018-04-16,20:00:00,35,14,1299.0,2018,4,16,Monday
SBP,Body Conditioning 8-9pm,2018-04-23,20:00:00,35,14,1299.0,2018,4,23,Monday
SBP,Body Conditioning 8-9pm,2018-04-30,20:00:00,35,12,1299.0,2018,4,30,Monday
SBP,Body Conditioning 8-9pm,2018-05-14,20:00:00,35,13,1299.0,2018,5,14,Monday
SBP,Body Conditioning 8-9pm,2018-05-21,20:00:00,35,13,1299.0,2018,5,21,Monday
NBL,Body Pump  5.45-6.45pm,2018-04-02,16:30:00,60,42,1999.0,2018,4,2,Monday
NBL,Body Pump  5.45-6.45pm,2018-04-09,17:45:00,60,41,1999.0,2018,4,9,Monday
NBL,Body Pump  5.45-6.45pm,2018-04-16,17:45:00,60,56,1999.0,2018,4,16,Monday
NBL,Body Pump  5.45-6.45pm,2018-04-23,17:45:00,60,47,1999.0,2018,4,23,Monday
NBL,Body Pump  5.45-6.45pm,2018-04-30,17:45:00,60,36,1999.0,2018,4,30,Monday
NBL,Body Pump  5.45-6.45pm,2018-05-07,16:30:00,60,17,1999.0,2018,5,7,Monday
NBL,Body Pump  5.45-6.45pm,2018-05-14,17:45:00,60,35,1999.0,2018,5,14,Monday
NBL,Body Pump  5.45-6.45pm,2018-05-21,17:45:00,60,36,1999.0,2018,5,21,Monday
NBL,Body Pump  5.45-6.45pm,2018-05-28,14:00:00,60,23,1999.0,2018,5,28,Monday
NBL,Body Pump 12.30-1.30pm,2018-04-05,12:30:00,60,11,1999.0,2018,4,5,Thursday
NBL,Body Pump 12.30-1.30pm,2018-04-12,12:30:00,60,7,1999.0,2018,4,12,Thursday
NBL,Body Pump 12.30-1.30pm,2018-04-19,12:30:00,60,8,1999.0,2018,4,19,Thursday
NBL,Body Pump 12.30-1.30pm,2018-04-26,12:30:00,60,9,1999.0,2018,4,26,Thursday
NBL,Body Pump 12.30-1.30pm,2018-05-03,12:30:00,60,12,1999.0,2018,5,3,Thursday
NBL,Body Pump 12.30-1.30pm,2018-05-10,12:30:00,60,8,1999.0,2018,5,10,Thursday
NBL,Body Pump 12.30-1.30pm,2018-05-17,12:30:00,60,8,1999.0,2018,5,17,Thursday
NBL,Body Pump 12.30-1.30pm,2018-05-24,12:30:00,60,9,1999.0,2018,5,24,Thursday
NBL,Body Pump 12.30-1.30pm,2018-05-31,12:30:00,60,5,1999.0,2018,5,31,Thursday
NBL,Body Pump 8.00-9.00pm,2018-04-05,20:00:00,60,26,1999.0,2018,4,5,Thursday
NBL,Body Pump 8.00-9.00pm,2018-04-12,20:00:00,60,15,1999.0,2018,4,12,Thursday
NBL,Body Pump 8.00-9.00pm,2018-04-19,20:00:00,60,29,1999.0,2018,4,19,Thursday
NBL,Body Pump 8.00-9.00pm,2018-04-26,20:00:00,60,22,1999.0,2018,4,26,Thursday
NBL,Body Pump 8.00-9.00pm,2018-05-10,20:00:00,60,15,1999.0,2018,5,10,Thursday
NBL,Body Pump 8.00-9.00pm,2018-05-17,20:00:00,60,30,1999.0,2018,5,17,Thursday
NBL,Body Pump 8.00-9.00pm,2018-05-31,20:00:00,60,22,1999.0,2018,5,31,Thursday
NBL,Body Pump 9.00-10.00am,2018-04-07,9:00:00,60,29,1999.0,2018,4,7,Saturday
NBL,Body Pump 9.00-10.00am,2018-04-14,9:00:00,60,50,1999.0,2018,4,14,Saturday
NBL,Body Pump 9.00-10.00am,2018-04-21,9:00:00,60,39,1999.0,2018,4,21,Saturday
NBL,Body Pump 9.00-10.00am,2018-04-28,9:00:00,60,30,1999.0,2018,4,28,Saturday
NBL,Body Pump 9.00-10.00am,2018-05-05,9:00:00,60,32,1999.0,2018,5,5,Saturday
NBL,Body Pump 9.00-10.00am,2018-05-12,9:00:00,60,38,1999.0,2018,5,12,Saturday
NBL,Body Pump 9.00-10.00am,2018-05-19,9:00:00,60,38,1999.0,2018,5,19,Saturday
NBL,Body Pump 9.00-10.00am,2018-05-26,9:00:00,60,33,1999.0,2018,5,26,Saturday
HXP,Bodycondition 12.30-13.30,2018-04-03,12:30:00,25,7,1299.0,2018,4,3,Tuesday
HXP,Bodycondition 12.30-13.30,2018-04-10,12:30:00,25,8,1299.0,2018,4,10,Tuesday
HXP,Bodycondition 12.30-13.30,2018-04-17,12:30:00,25,11,1299.0,2018,4,17,Tuesday
HXP,Bodycondition 12.30-13.30,2018-04-24,12:30:00,25,12,1299.0,2018,4,24,Tuesday
HXP,Bodycondition 12.30-13.30,2018-05-01,12:30:00,25,7,1299.0,2018,5,1,Tuesday
HXP,Bodycondition 12.30-13.30,2018-05-08,12:30:00,25,7,1299.0,2018,5,8,Tuesday
HXP,Bodycondition 12.30-13.30,2018-05-15,12:30:00,25,10,1299.0,2018,5,15,Tuesday
HXP,Bodycondition 12.30-13.30,2018-05-22,12:30:00,25,10,1299.0,2018,5,22,Tuesday
HXP,Bodycondition 12.30-13.30,2018-05-29,12:30:00,25,11,1299.0,2018,5,29,Tuesday
NBL,Chair Based Exercise,2018-04-05,13:00:00,50,2,1999.0,2018,4,5,Thursday
NBL,Chair Based Exercise,2018-04-12,13:00:00,50,3,1999.0,2018,4,12,Thursday
NBL,Chair Based Exercise,2018-04-19,13:00:00,50,6,1999.0,2018,4,19,Thursday
NBL,Chair Based Exercise,2018-04-26,13:00:00,50,8,1999.0,2018,4,26,Thursday
NBL,Chair Based Exercise,2018-05-03,13:00:00,50,10,1999.0,2018,5,3,Thursday
NBL,Chair Based Exercise,2018-05-10,13:00:00,50,6,1999.0,2018,5,10,Thursday
NBL,Chair Based Exercise,2018-05-17,13:00:00,50,9,1999.0,2018,5,17,Thursday
NBL,Chair Based Exercise,2018-05-24,13:00:00,50,6,1999.0,2018,5,24,Thursday
NBL,Chair Based Exercise,2018-05-31,13:00:00,50,9,1999.0,2018,5,31,Thursday
TSC,Circuits 5.30-6.30pm,2018-04-09,17:30:00,50,11,2999.0,2018,4,9,Monday
TSC,Circuits 5.30-6.30pm,2018-04-16,17:30:00,50,14,2999.0,2018,4,16,Monday
TSC,Circuits 5.30-6.30pm,2018-04-23,17:30:00,50,7,2999.0,2018,4,23,Monday
TSC,Circuits 5.30-6.30pm,2018-04-30,17:30:00,50,15,2999.0,2018,4,30,Monday
TSC,Circuits 5.30-6.30pm,2018-05-14,17:30:00,50,7,2999.0,2018,5,14,Monday
TSC,Circuits 5.30-6.30pm,2018-05-21,17:30:00,50,13,2999.0,2018,5,21,Monday
SBP,Circuits 7 -7.45 Am,2018-04-03,7:00:00,20,14,2999.0,2018,4,3,Tuesday
SBP,Circuits 7 -7.45 Am,2018-04-10,7:00:00,20,16,2999.0,2018,4,10,Tuesday
SBP,Circuits 7 -7.45 Am,2018-04-17,7:00:00,20,12,2999.0,2018,4,17,Tuesday
SBP,Circuits 7 -7.45 Am,2018-04-24,7:00:00,20,10,2999.0,2018,4,24,Tuesday
SBP,Circuits 7 -7.45 Am,2018-05-01,7:00:00,20,16,2999.0,2018,5,1,Tuesday
SBP,Circuits 7 -7.45 Am,2018-05-08,7:00:00,20,7,2999.0,2018,5,8,Tuesday
SBP,Circuits 7 -7.45 Am,2018-05-15,7:00:00,20,10,2999.0,2018,5,15,Tuesday
SBP,Circuits 7 -7.45 Am,2018-05-22,7:00:00,20,11,2999.0,2018,5,22,Tuesday
SBP,Circuits 7 -7.45 Am,2018-05-29,7:00:00,20,9,2999.0,2018,5,29,Tuesday
TSC,Circuits 7.15-8.15pm,2018-04-05,19:15:00,50,19,2999.0,2018,4,5,Thursday
TSC,Circuits 7.15-8.15pm,2018-04-12,19:15:00,50,21,2999.0,2018,4,12,Thursday
TSC,Circuits 7.15-8.15pm,2018-04-19,19:15:00,50,13,2999.0,2018,4,19,Thursday
TSC,Circuits 7.15-8.15pm,2018-04-26,19:15:00,50,13,2999.0,2018,4,26,Thursday
TSC,Circuits 7.15-8.15pm,2018-05-03,19:15:00,50,15,2999.0,2018,5,3,Thursday
TSC,Circuits 7.15-8.15pm,2018-05-10,19:15:00,50,25,2999.0,2018,5,10,Thursday
TSC,Circuits 7.15-8.15pm,2018-05-17,19:15:00,50,15,2999.0,2018,5,17,Thursday
TSC,Circuits 7.15-8.15pm,2018-05-24,19:15:00,50,23,2999.0,2018,5,24,Thursday
TSC,Circuits 7.15-8.15pm,2018-05-31,19:15:00,50,12,2999.0,2018,5,31,Thursday
NBL,Circuits 8.00-9.00pm Edit,2018-04-09,20:00:00,60,10,2999.0,2018,4,9,Monday
NBL,Circuits 8.00-9.00pm Edit,2018-04-16,20:00:00,60,15,2999.0,2018,4,16,Monday
NBL,Circuits 8.00-9.00pm Edit,2018-04-23,20:00:00,60,19,2999.0,2018,4,23,Monday
NBL,Circuits 8.00-9.00pm Edit,2018-04-30,20:00:00,60,20,2999.0,2018,4,30,Monday
NBL,Circuits 8.00-9.00pm Edit,2018-05-07,18:45:00,60,2,2999.0,2018,5,7,Monday
NBL,Circuits 8.00-9.00pm Edit,2018-05-14,20:00:00,60,9,2999.0,2018,5,14,Monday
NBL,Circuits 8.00-9.00pm Edit,2018-05-21,20:00:00,60,8,2999.0,2018,5,21,Monday
SBP,Ex Better Living Team,2018-05-16,14:00:00,30,1,1499.0,2018,5,16,Wednesday
TSC,Fitnes Pilate-11.00-12.00,2018-04-03,11:00:00,24,22,2999.0,2018,4,3,Tuesday
TSC,Fitnes Pilate-11.00-12.00,2018-04-10,11:00:00,24,23,2999.0,2018,4,10,Tuesday
TSC,Fitnes Pilate-11.00-12.00,2018-04-17,11:00:00,24,21,2999.0,2018,4,17,Tuesday
TSC,Fitnes Pilate-11.00-12.00,2018-04-24,11:00:00,24,20,2999.0,2018,4,24,Tuesday
TSC,Fitnes Pilate-11.00-12.00,2018-05-01,11:00:00,24,22,2999.0,2018,5,1,Tuesday
TSC,Fitnes Pilate-11.00-12.00,2018-05-08,11:00:00,24,18,2999.0,2018,5,8,Tuesday
TSC,Fitnes Pilate-11.00-12.00,2018-05-15,11:00:00,24,22,2999.0,2018,5,15,Tuesday
TSC,Fitnes Pilate-11.00-12.00,2018-05-22,11:00:00,24,24,2999.0,2018,5,22,Tuesday
TSC,Fitnes Pilate-11.00-12.00,2018-05-29,11:00:00,24,16,2999.0,2018,5,29,Tuesday
TSC,Fitnes Pilates2.30-3.15pm,2018-04-06,14:30:00,24,6,2999.0,2018,4,6,Friday
TSC,Fitnes Pilates2.30-3.15pm,2018-04-13,14:30:00,24,10,2999.0,2018,4,13,Friday
TSC,Fitnes Pilates2.30-3.15pm,2018-04-20,14:30:00,24,10,2999.0,2018,4,20,Friday
TSC,Fitnes Pilates2.30-3.15pm,2018-04-27,14:30:00,24,12,2999.0,2018,4,27,Friday
TSC,Fitnes Pilates2.30-3.15pm,2018-05-04,14:30:00,24,1,2999.0,2018,5,4,Friday
TSC,Fitnes Pilates2.30-3.15pm,2018-05-11,14:30:00,24,11,2999.0,2018,5,11,Friday
TSC,Fitnes Pilates2.30-3.15pm,2018-05-18,14:30:00,24,9,2999.0,2018,5,18,Friday
TSC,Fitnes Pilates2.30-3.15pm,2018-05-25,14:30:00,24,12,2999.0,2018,5,25,Friday
SBP,Fusion   6.00-7.00pm,2018-04-04,18:00:00,40,28,999.0,2018,4,4,Wednesday
SBP,Fusion   6.00-7.00pm,2018-04-11,18:00:00,40,29,999.0,2018,4,11,Wednesday
SBP,Fusion   6.00-7.00pm,2018-04-18,18:00:00,40,31,999.0,2018,4,18,Wednesday
SBP,Fusion   6.00-7.00pm,2018-04-25,18:00:00,40,31,999.0,2018,4,25,Wednesday
SBP,Fusion   6.00-7.00pm,2018-05-02,18:00:00,40,31,999.0,2018,5,2,Wednesday
SBP,Fusion   6.00-7.00pm,2018-05-09,18:00:00,40,32,999.0,2018,5,9,Wednesday
SBP,Fusion   6.00-7.00pm,2018-05-16,18:00:00,40,29,999.0,2018,5,16,Wednesday
SBP,Fusion   6.00-7.00pm,2018-05-23,18:00:00,40,19,999.0,2018,5,23,Wednesday
SBP,Fusion   6.00-7.00pm,2018-05-30,18:00:00,40,25,999.0,2018,5,30,Wednesday
BRP,Fusion 5pm -6pm,2018-04-05,17:00:00,35,31,999.0,2018,4,5,Thursday
BRP,Fusion 5pm -6pm,2018-04-12,17:00:00,35,33,999.0,2018,4,12,Thursday
BRP,Fusion 5pm -6pm,2018-04-19,17:00:00,35,25,999.0,2018,4,19,Thursday
BRP,Fusion 5pm -6pm,2018-04-26,17:00:00,35,31,999.0,2018,4,26,Thursday
BRP,Fusion 5pm -6pm,2018-05-03,17:00:00,35,28,999.0,2018,5,3,Thursday
BRP,Fusion 5pm -6pm,2018-05-10,17:00:00,35,30,999.0,2018,5,10,Thursday
BRP,Fusion 5pm -6pm,2018-05-17,17:00:00,35,30,999.0,2018,5,17,Thursday
BRP,Fusion 5pm -6pm,2018-05-24,17:00:00,35,27,999.0,2018,5,24,Thursday
BRP,Fusion 5pm -6pm,2018-05-31,17:00:00,35,31,999.0,2018,5,31,Thursday
NBL,Gentle Keep Fit 11-12pm,2018-04-09,11:00:00,60,21,999.0,2018,4,9,Monday
NBL,Gentle Keep Fit 11-12pm,2018-04-16,11:00:00,60,30,999.0,2018,4,16,Monday
NBL,Gentle Keep Fit 11-12pm,2018-04-23,11:00:00,60,32,999.0,2018,4,23,Monday
NBL,Gentle Keep Fit 11-12pm,2018-05-14,11:00:00,60,28,999.0,2018,5,14,Monday
NBL,Gentle Keep Fit 11-12pm,2018-05-21,11:00:00,60,24,999.0,2018,5,21,Monday
HXP,Gentle Keep Fit 11.10-12,2018-04-05,11:10:00,27,16,999.0,2018,4,5,Thursday
HXP,Gentle Keep Fit 11.10-12,2018-04-12,11:10:00,27,18,999.0,2018,4,12,Thursday
HXP,Gentle Keep Fit 11.10-12,2018-04-19,11:10:00,27,12,999.0,2018,4,19,Thursday
HXP,Gentle Keep Fit 11.10-12,2018-04-26,11:10:00,27,19,999.0,2018,4,26,Thursday
HXP,Gentle Keep Fit 11.10-12,2018-05-03,11:10:00,27,17,999.0,2018,5,3,Thursday
HXP,Gentle Keep Fit 11.10-12,2018-05-10,11:10:00,27,12,999.0,2018,5,10,Thursday
HXP,Gentle Keep Fit 11.10-12,2018-05-17,11:10:00,27,12,999.0,2018,5,17,Thursday
HXP,Gentle Keep Fit 11.10-12,2018-05-24,11:10:00,27,14,999.0,2018,5,24,Thursday
HXP,Gentle Keep Fit 11.10-12,2018-05-31,11:10:00,27,11,999.0,2018,5,31,Thursday
HXP,Gentle Keep Fit 2 -3.00pm,2018-04-03,14:00:00,25,12,999.0,2018,4,3,Tuesday
TSC,Gentle Keep Fit 2 -3.00pm,2018-04-03,14:00:00,30,5,999.0,2018,4,3,Tuesday
TSC,Gentle Keep Fit 2 -3.00pm,2018-04-04,14:00:00,30,10,999.0,2018,4,4,Wednesday
TSC,Gentle Keep Fit 2 -3.00pm,2018-04-10,14:00:00,30,6,999.0,2018,4,10,Tuesday
TSC,Gentle Keep Fit 2 -3.00pm,2018-04-11,14:00:00,30,12,999.0,2018,4,11,Wednesday
TSC,Gentle Keep Fit 2 -3.00pm,2018-04-17,14:00:00,30,7,999.0,2018,4,17,Tuesday
TSC,Gentle Keep Fit 2 -3.00pm,2018-04-18,14:00:00,30,14,999.0,2018,4,18,Wednesday
TSC,Gentle Keep Fit 2 -3.00pm,2018-04-24,14:00:00,30,7,999.0,2018,4,24,Tuesday
TSC,Gentle Keep Fit 2 -3.00pm,2018-04-25,14:00:00,30,11,999.0,2018,4,25,Wednesday
TSC,Gentle Keep Fit 2 -3.00pm,2018-05-01,14:00:00,30,12,999.0,2018,5,1,Tuesday
TSC,Gentle Keep Fit 2 -3.00pm,2018-05-02,14:00:00,30,11,999.0,2018,5,2,Wednesday
TSC,Gentle Keep Fit 2 -3.00pm,2018-05-08,14:00:00,30,7,999.0,2018,5,8,Tuesday
TSC,Gentle Keep Fit 2 -3.00pm,2018-05-09,14:00:00,30,10,999.0,2018,5,9,Wednesday
TSC,Gentle Keep Fit 2 -3.00pm,2018-05-15,14:00:00,30,10,999.0,2018,5,15,Tuesday
TSC,Gentle Keep Fit 2 -3.00pm,2018-05-16,14:00:00,30,6,999.0,2018,5,16,Wednesday
TSC,Gentle Keep Fit 2 -3.00pm,2018-05-22,14:00:00,30,7,999.0,2018,5,22,Tuesday
TSC,Gentle Keep Fit 2 -3.00pm,2018-05-23,14:00:00,30,9,999.0,2018,5,23,Wednesday
HXP,Gentle Keep Fit 2-3pm,2018-04-17,14:00:00,25,9,999.0,2018,4,17,Tuesday
HXP,Gentle Keep Fit 2-3pm,2018-04-24,14:00:00,25,6,999.0,2018,4,24,Tuesday
HXP,Gentle Keep Fit 2-3pm,2018-05-01,14:00:00,25,10,999.0,2018,5,1,Tuesday
HXP,Gentle Keep Fit 2-3pm,2018-05-08,14:00:00,25,8,999.0,2018,5,8,Tuesday
HXP,Gentle Keep Fit 2-3pm,2018-05-15,14:00:00,25,11,999.0,2018,5,15,Tuesday
HXP,Gentle Keep Fit 2-3pm,2018-05-22,14:00:00,25,5,999.0,2018,5,22,Tuesday
HXP,Gentle Keep Fit 2-3pm,2018-05-29,14:00:00,25,6,999.0,2018,5,29,Tuesday
NBL,Gentlekeepfit 10.30-11.30,2018-04-05,10:30:00,60,18,999.0,2018,4,5,Thursday
NBL,Gentlekeepfit 10.30-11.30,2018-04-19,10:30:00,60,23,999.0,2018,4,19,Thursday
NBL,Gentlekeepfit 10.30-11.30,2018-04-26,10:30:00,60,27,999.0,2018,4,26,Thursday
NBL,Gentlekeepfit 10.30-11.30,2018-05-03,10:30:00,60,14,999.0,2018,5,3,Thursday
NBL,Gentlekeepfit 10.30-11.30,2018-05-10,10:30:00,60,22,999.0,2018,5,10,Thursday
NBL,Gentlekeepfit 10.30-11.30,2018-05-17,10:30:00,60,20,999.0,2018,5,17,Thursday
NBL,Gentlekeepfit 10.30-11.30,2018-05-24,10:30:00,60,16,999.0,2018,5,24,Thursday
NBL,Gentlekeepfit 10.30-11.30,2018-05-31,10:30:00,60,13,999.0,2018,5,31,Thursday
BRP,H.I.I.T 7.00-8.00am,2018-04-04,7:00:00,35,10,2499.0,2018,4,4,Wednesday
BRP,H.I.I.T 7.00-8.00am,2018-04-11,7:00:00,35,13,2499.0,2018,4,11,Wednesday
BRP,H.I.I.T 7.00-8.00am,2018-04-18,7:00:00,35,9,2499.0,2018,4,18,Wednesday
BRP,H.I.I.T 7.00-8.00am,2018-04-25,7:00:00,35,11,2499.0,2018,4,25,Wednesday
BRP,H.I.I.T 7.00-8.00am,2018-05-02,7:00:00,35,14,2499.0,2018,5,2,Wednesday
BRP,H.I.I.T 7.00-8.00am,2018-05-09,7:00:00,35,12,2499.0,2018,5,9,Wednesday
BRP,H.I.I.T 7.00-8.00am,2018-05-16,7:00:00,35,17,2499.0,2018,5,16,Wednesday
BRP,H.I.I.T 7.00-8.00am,2018-05-23,7:00:00,35,10,2499.0,2018,5,23,Wednesday
BRP,H.I.I.T 7.00-8.00am,2018-05-30,7:00:00,35,15,2499.0,2018,5,30,Wednesday
SBP,H.I.I.T 9.30-10.30am,2018-04-02,9:30:00,35,6,2499.0,2018,4,2,Monday
SBP,H.I.I.T 9.30-10.30am,2018-04-09,9:30:00,35,9,2499.0,2018,4,9,Monday
SBP,H.I.I.T 9.30-10.30am,2018-04-16,9:30:00,35,16,2499.0,2018,4,16,Monday
SBP,H.I.I.T 9.30-10.30am,2018-04-23,9:30:00,35,16,2499.0,2018,4,23,Monday
SBP,H.I.I.T 9.30-10.30am,2018-04-30,9:30:00,35,16,2499.0,2018,4,30,Monday
SBP,H.I.I.T 9.30-10.30am,2018-05-07,9:30:00,35,8,2499.0,2018,5,7,Monday
SBP,H.I.I.T 9.30-10.30am,2018-05-14,9:30:00,35,12,2499.0,2018,5,14,Monday
SBP,H.I.I.T 9.30-10.30am,2018-05-21,9:30:00,35,13,2499.0,2018,5,21,Monday
SBP,H.I.I.T 9.30-10.30am,2018-05-28,9:30:00,35,13,2499.0,2018,5,28,Monday
SBP,H.I.I.T.  5.00-6.00pm,2018-04-06,17:00:00,30,14,2499.0,2018,4,6,Friday
SBP,H.I.I.T.  5.00-6.00pm,2018-04-13,17:00:00,30,16,2499.0,2018,4,13,Friday
SBP,H.I.I.T.  5.00-6.00pm,2018-04-20,17:00:00,30,14,2499.0,2018,4,20,Friday
SBP,H.I.I.T.  5.00-6.00pm,2018-04-27,17:00:00,30,12,2499.0,2018,4,27,Friday
SBP,H.I.I.T.  5.00-6.00pm,2018-05-04,17:00:00,30,13,2499.0,2018,5,4,Friday
SBP,H.I.I.T.  5.00-6.00pm,2018-05-11,17:00:00,30,13,2499.0,2018,5,11,Friday
SBP,H.I.I.T.  5.00-6.00pm,2018-05-18,17:00:00,30,6,2499.0,2018,5,18,Friday
SBP,H.I.I.T.  5.00-6.00pm,2018-05-25,17:00:00,30,11,2499.0,2018,5,25,Friday
HXP,H.I.I.T. 6.25-7.25pm,2018-04-04,18:25:00,25,20,2499.0,2018,4,4,Wednesday
HXP,H.I.I.T. 6.25-7.25pm,2018-04-11,18:25:00,25,20,2499.0,2018,4,11,Wednesday
HXP,H.I.I.T. 6.25-7.25pm,2018-04-18,18:25:00,25,17,2499.0,2018,4,18,Wednesday
HXP,H.I.I.T. 6.25-7.25pm,2018-04-25,18:25:00,25,20,2499.0,2018,4,25,Wednesday
HXP,H.I.I.T. 6.25-7.25pm,2018-05-02,18:25:00,25,17,2499.0,2018,5,2,Wednesday
HXP,H.I.I.T. 6.25-7.25pm,2018-05-09,18:25:00,25,15,2499.0,2018,5,9,Wednesday
HXP,H.I.I.T. 6.25-7.25pm,2018-05-16,18:25:00,25,17,2499.0,2018,5,16,Wednesday
HXP,H.I.I.T. 6.25-7.25pm,2018-05-23,18:25:00,25,14,2499.0,2018,5,23,Wednesday
BRP,H.I.T.T 6pm - 6.45pm,2018-04-06,18:00:00,35,8,2499.0,2018,4,6,Friday
BRP,H.I.T.T 6pm - 6.45pm,2018-04-13,18:00:00,35,9,2499.0,2018,4,13,Friday
BRP,H.I.T.T 6pm - 6.45pm,2018-04-20,18:00:00,35,11,2499.0,2018,4,20,Friday
BRP,H.I.T.T 6pm - 6.45pm,2018-04-27,18:00:00,35,12,2499.0,2018,4,27,Friday
BRP,H.I.T.T 6pm - 6.45pm,2018-05-04,18:00:00,35,10,2499.0,2018,5,4,Friday
BRP,H.I.T.T 6pm - 6.45pm,2018-05-11,18:00:00,35,12,2499.0,2018,5,11,Friday
BRP,H.I.T.T 6pm - 6.45pm,2018-05-18,18:00:00,35,12,2499.0,2018,5,18,Friday
BRP,H.I.T.T 6pm - 6.45pm,2018-05-25,18:00:00,35,11,2499.0,2018,5,25,Friday
SBP,Hatton A B C 6-7.00pm,2018-04-03,18:00:00,30,17,1999.0,2018,4,3,Tuesday
SBP,Hatton A B C 6-7.00pm,2018-04-10,18:00:00,30,15,1999.0,2018,4,10,Tuesday
SBP,Hatton A B C 6-7.00pm,2018-04-17,18:00:00,30,21,1999.0,2018,4,17,Tuesday
SBP,Hatton A B C 6-7.00pm,2018-04-24,18:00:00,30,21,1999.0,2018,4,24,Tuesday
SBP,Hatton A B C 6-7.00pm,2018-05-01,18:00:00,30,18,1999.0,2018,5,1,Tuesday
SBP,Hatton A B C 6-7.00pm,2018-05-08,18:00:00,30,17,1999.0,2018,5,8,Tuesday
SBP,Hatton A B C 6-7.00pm,2018-05-15,18:00:00,30,22,1999.0,2018,5,15,Tuesday
SBP,Hatton A B C 6-7.00pm,2018-05-22,18:00:00,30,19,1999.0,2018,5,22,Tuesday
SBP,Hatton A B C 6-7.00pm,2018-05-29,18:00:00,30,12,1999.0,2018,5,29,Tuesday
SBP,Hatton A B C 7-8am,2018-04-05,7:30:00,20,7,1999.0,2018,4,5,Thursday
SBP,Hatton A B C 7-8am,2018-04-12,7:30:00,20,7,1999.0,2018,4,12,Thursday
SBP,Hatton A B C 7-8am,2018-04-19,7:30:00,20,8,1999.0,2018,4,19,Thursday
SBP,Hatton A B C 7-8am,2018-04-26,7:30:00,20,7,1999.0,2018,4,26,Thursday
SBP,Hatton A B C 7-8am,2018-05-03,7:30:00,20,7,1999.0,2018,5,3,Thursday
SBP,Hatton A B C 7-8am,2018-05-10,7:30:00,20,9,1999.0,2018,5,10,Thursday
SBP,Hatton A B C 7-8am,2018-05-17,7:30:00,20,8,1999.0,2018,5,17,Thursday
SBP,Hatton A B C 7-8am,2018-05-24,7:30:00,20,7,1999.0,2018,5,24,Thursday
SBP,Hatton A B C 7-8am,2018-05-31,7:30:00,20,7,1999.0,2018,5,31,Thursday
BRP,Hatton Abc Box  10-11am,2018-04-01,10:00:00,20,15,1999.0,2018,4,1,Sunday
BRP,Hatton Abc Box  10-11am,2018-04-08,10:00:00,20,22,1999.0,2018,4,8,Sunday
BRP,Hatton Abc Box  10-11am,2018-04-15,10:00:00,20,16,1999.0,2018,4,15,Sunday
BRP,Hatton Abc Box  10-11am,2018-04-22,10:00:00,20,18,1999.0,2018,4,22,Sunday
BRP,Hatton Abc Box  10-11am,2018-04-29,10:00:00,20,14,1999.0,2018,4,29,Sunday
BRP,Hatton Abc Box  10-11am,2018-05-06,10:00:00,20,9,1999.0,2018,5,6,Sunday
BRP,Hatton Abc Box  10-11am,2018-05-13,10:00:00,20,15,1999.0,2018,5,13,Sunday
BRP,Hatton Abc Box  10-11am,2018-05-20,10:00:00,20,18,1999.0,2018,5,20,Sunday
BRP,Hatton Abc Box  10-11am,2018-05-27,10:00:00,20,10,1999.0,2018,5,27,Sunday
SBP,Hiit Circuit 9.30 - 10.30,2018-04-07,9:30:00,25,22,2499.0,2018,4,7,Saturday
SBP,Hiit Circuit 9.30 - 10.30,2018-04-14,9:30:00,25,20,2499.0,2018,4,14,Saturday
SBP,Hiit Circuit 9.30 - 10.30,2018-04-21,9:30:00,25,18,2499.0,2018,4,21,Saturday
SBP,Hiit Circuit 9.30 - 10.30,2018-04-28,9:30:00,25,19,2499.0,2018,4,28,Saturday
SBP,Hiit Circuit 9.30 - 10.30,2018-05-05,9:30:00,25,14,2499.0,2018,5,5,Saturday
SBP,Hiit Circuit 9.30 - 10.30,2018-05-12,9:30:00,25,17,2499.0,2018,5,12,Saturday
SBP,Hiit Circuit 9.30 - 10.30,2018-05-19,9:30:00,25,18,2499.0,2018,5,19,Saturday
SBP,Hiit Circuit 9.30 - 10.30,2018-05-26,9:30:00,25,16,2499.0,2018,5,26,Saturday
SBP,Insanity 5:00-6:00pm,2018-04-05,17:00:00,35,11,3999.0,2018,4,5,Thursday
SBP,Insanity 5:00-6:00pm,2018-04-12,17:00:00,35,5,3999.0,2018,4,12,Thursday
SBP,Insanity 5:00-6:00pm,2018-04-19,17:00:00,35,7,3999.0,2018,4,19,Thursday
SBP,Insanity 5:00-6:00pm,2018-04-26,17:00:00,35,9,3999.0,2018,4,26,Thursday
SBP,Insanity 5:00-6:00pm,2018-05-03,17:00:00,35,9,3999.0,2018,5,3,Thursday
SBP,Insanity 5:00-6:00pm,2018-05-10,17:00:00,35,9,3999.0,2018,5,10,Thursday
SBP,Insanity 5:00-6:00pm,2018-05-17,17:00:00,35,13,3999.0,2018,5,17,Thursday
SBP,Insanity 5:00-6:00pm,2018-05-24,17:00:00,35,8,3999.0,2018,5,24,Thursday
SBP,Insanity 5:00-6:00pm,2018-05-31,17:00:00,35,10,3999.0,2018,5,31,Thursday
HXP,Jnr Gym Appoint 11-12,2018-04-07,11:00:00,10,4,2999.0,2018,4,7,Saturday
HXP,Jnr Gym Appoint 11-12,2018-04-14,11:00:00,10,4,2999.0,2018,4,14,Saturday
HXP,Jnr Gym Appoint 11-12,2018-04-21,11:00:00,10,4,2999.0,2018,4,21,Saturday
HXP,Jnr Gym Appoint 11-12,2018-04-28,11:00:00,10,7,2999.0,2018,4,28,Saturday
HXP,Jnr Gym Appoint 11-12,2018-05-05,11:00:00,10,6,2999.0,2018,5,5,Saturday
HXP,Jnr Gym Appoint 11-12,2018-05-12,11:00:00,10,7,2999.0,2018,5,12,Saturday
HXP,Jnr Gym Appoint 11-12,2018-05-19,11:00:00,10,2,2999.0,2018,5,19,Saturday
HXP,Jnr Gym Appoint 11-12,2018-05-26,11:00:00,10,3,2999.0,2018,5,26,Saturday
HXP,Jnr Gym Appoint 4-5pm,2018-04-05,16:00:00,10,1,2999.0,2018,4,5,Thursday
HXP,Jnr Gym Appoint 4-5pm,2018-04-06,16:00:00,10,1,2999.0,2018,4,6,Friday
HXP,Jnr Gym Appoint 4-5pm,2018-04-09,16:00:00,10,2,2999.0,2018,4,9,Monday
HXP,Jnr Gym Appoint 4-5pm,2018-04-11,16:00:00,10,1,2999.0,2018,4,11,Wednesday
HXP,Jnr Gym Appoint 4-5pm,2018-04-12,16:00:00,10,4,2999.0,2018,4,12,Thursday
HXP,Jnr Gym Appoint 4-5pm,2018-04-13,16:00:00,10,1,2999.0,2018,4,13,Friday
HXP,Jnr Gym Appoint 4-5pm,2018-04-16,16:00:00,10,1,2999.0,2018,4,16,Monday
HXP,Jnr Gym Appoint 4-5pm,2018-04-17,16:00:00,10,1,2999.0,2018,4,17,Tuesday
HXP,Jnr Gym Appoint 4-5pm,2018-04-20,16:00:00,10,2,2999.0,2018,4,20,Friday
HXP,Jnr Gym Appoint 4-5pm,2018-04-23,16:00:00,10,3,2999.0,2018,4,23,Monday
HXP,Jnr Gym Appoint 4-5pm,2018-04-24,16:00:00,10,4,2999.0,2018,4,24,Tuesday
HXP,Jnr Gym Appoint 4-5pm,2018-04-30,16:00:00,10,1,2999.0,2018,4,30,Monday
HXP,Jnr Gym Appoint 4-5pm,2018-05-01,16:00:00,10,3,2999.0,2018,5,1,Tuesday
HXP,Jnr Gym Appoint 4-5pm,2018-05-02,16:00:00,10,2,2999.0,2018,5,2,Wednesday
HXP,Jnr Gym Appoint 4-5pm,2018-05-04,16:00:00,10,1,2999.0,2018,5,4,Friday
HXP,Jnr Gym Appoint 4-5pm,2018-05-09,16:00:00,10,1,2999.0,2018,5,9,Wednesday
HXP,Jnr Gym Appoint 4-5pm,2018-05-10,16:00:00,10,7,2999.0,2018,5,10,Thursday
HXP,Jnr Gym Appoint 4-5pm,2018-05-11,16:00:00,10,2,2999.0,2018,5,11,Friday
HXP,Jnr Gym Appoint 4-5pm,2018-05-14,16:00:00,10,3,2999.0,2018,5,14,Monday
HXP,Jnr Gym Appoint 4-5pm,2018-05-15,16:00:00,10,2,2999.0,2018,5,15,Tuesday
HXP,Jnr Gym Appoint 4-5pm,2018-05-18,16:00:00,10,1,2999.0,2018,5,18,Friday
HXP,Jnr Gym Appoint 4-5pm,2018-05-24,16:00:00,10,2,2999.0,2018,5,24,Thursday
BRP,Jnr Gym Ind 10.30-11.00am,2018-04-08,10:30:00,2,2,3999.0,2018,4,8,Sunday
BRP,Jnr Gym Ind 10.30-11.00am,2018-04-22,10:30:00,2,1,3999.0,2018,4,22,Sunday
BRP,Jnr Gym Ind 10.30-11.00am,2018-04-29,10:30:00,2,1,3999.0,2018,4,29,Sunday
BRP,Jnr Gym Ind 10.30-11.00am,2018-05-20,10:30:00,2,2,3999.0,2018,5,20,Sunday
BRP,Jnr Gym Ind 10.30-11.00am,2018-05-27,10:30:00,2,2,3999.0,2018,5,27,Sunday
BRP,Jnr Gym Ind 3.30-4.00pm,2018-04-04,15:30:00,2,2,3999.0,2018,4,4,Wednesday
BRP,Jnr Gym Ind 3.30-4.00pm,2018-04-12,15:30:00,2,1,3999.0,2018,4,12,Thursday
BRP,Jnr Gym Ind 3.30-4.00pm,2018-04-16,15:30:00,2,1,3999.0,2018,4,16,Monday
BRP,Jnr Gym Ind 3.30-4.00pm,2018-04-26,15:30:00,2,1,3999.0,2018,4,26,Thursday
BRP,Jnr Gym Ind 3.30-4.00pm,2018-05-01,15:30:00,2,2,3999.0,2018,5,1,Tuesday
BRP,Jnr Gym Ind 3.30-4.00pm,2018-05-02,15:30:00,2,1,3999.0,2018,5,2,Wednesday
BRP,Jnr Gym Ind 3.30-4.00pm,2018-05-03,15:30:00,2,2,3999.0,2018,5,3,Thursday
BRP,Jnr Gym Ind 3.30-4.00pm,2018-05-16,15:30:00,2,1,3999.0,2018,5,16,Wednesday
BRP,Jnr Gym Ind 3.30-4.00pm,2018-05-18,15:30:00,2,1,3999.0,2018,5,18,Friday
NBL,Jnr Gym Ind 3.30-5.00pm,2018-04-25,15:30:00,2,1,3999.0,2018,4,25,Wednesday
NBL,Jnr Gym Ind 3.30-5.00pm,2018-05-04,15:30:00,2,1,3999.0,2018,5,4,Friday
NBL,Jnr Gym Ind 3.30-5.00pm,2018-05-09,15:30:00,2,1,3999.0,2018,5,9,Wednesday
NBL,Jnr Gym Ind 3.30-5.00pm,2018-05-25,15:30:00,2,1,3999.0,2018,5,25,Friday
SBP,Jun Induction 12.30,2018-04-07,12:30:00,4,2,1999.0,2018,4,7,Saturday
SBP,Jun Induction 12.30,2018-04-14,12:30:00,4,3,1999.0,2018,4,14,Saturday
SBP,Jun Induction 12.30,2018-04-28,12:30:00,4,4,1999.0,2018,4,28,Saturday
SBP,Jun Induction 12.30,2018-05-05,12:30:00,4,4,1999.0,2018,5,5,Saturday
SBP,Jun Induction 12.30,2018-05-12,12:30:00,4,4,1999.0,2018,5,12,Saturday
SBP,Jun Induction 12.30,2018-05-19,12:30:00,4,2,1999.0,2018,5,19,Saturday
SBP,Jun Induction 12.30,2018-05-26,12:30:00,4,1,1999.0,2018,5,26,Saturday
SBP,Junior Gym 1.00-2.00pm,2018-04-28,13:00:00,12,1,2999.0,2018,4,28,Saturday
SBP,Junior Gym 1.00-2.00pm,2018-05-19,13:00:00,12,2,2999.0,2018,5,19,Saturday
NBL,Junior Gym 11-12 Noon,2018-04-08,11:00:00,2,1,2999.0,2018,4,8,Sunday
NBL,Junior Gym 11-12 Noon,2018-04-15,11:00:00,2,1,2999.0,2018,4,15,Sunday
NBL,Junior Gym 3.30-5.00pm,2018-05-16,15:30:00,2,1,2999.0,2018,5,16,Wednesday
SBP,Junior Gym 3.30-5.00pm,2018-05-10,15:30:00,10,3,2999.0,2018,5,10,Thursday
SBP,Junior Gym 3.30-5.00pm,2018-05-18,15:30:00,10,1,2999.0,2018,5,18,Friday
SBP,Junior Gym 3.30-5.00pm,2018-05-24,15:30:00,10,1,2999.0,2018,5,24,Thursday
TSC,Junior Gym 4-5pm 8-13yrs,2018-04-03,16:00:00,10,1,2999.0,2018,4,3,Tuesday
BRP,Junior Gym 4.00-5.00pm,2018-04-06,16:00:00,10,1,2999.0,2018,4,6,Friday
BRP,Junior Gym 4.00-5.00pm,2018-04-09,16:00:00,10,1,2999.0,2018,4,9,Monday
BRP,Junior Gym 4.00-5.00pm,2018-04-11,16:00:00,10,2,2999.0,2018,4,11,Wednesday
BRP,Junior Gym 4.00-5.00pm,2018-04-16,16:00:00,10,1,2999.0,2018,4,16,Monday
BRP,Junior Gym 4.00-5.00pm,2018-04-17,16:00:00,10,2,2999.0,2018,4,17,Tuesday
BRP,Junior Gym 4.00-5.00pm,2018-04-18,16:00:00,10,1,2999.0,2018,4,18,Wednesday
BRP,Junior Gym 4.00-5.00pm,2018-04-30,16:00:00,10,3,2999.0,2018,4,30,Monday
BRP,Junior Gym 4.00-5.00pm,2018-05-02,16:00:00,10,1,2999.0,2018,5,2,Wednesday
BRP,Junior Gym 4.00-5.00pm,2018-05-08,16:00:00,10,4,2999.0,2018,5,8,Tuesday
BRP,Junior Gym 4.00-5.00pm,2018-05-15,16:00:00,10,1,2999.0,2018,5,15,Tuesday
BRP,Junior Gym 4.00-5.00pm,2018-05-29,16:00:00,10,1,2999.0,2018,5,29,Tuesday
TSC,Junior Gym10-11am 8-13yrs,2018-05-05,10:00:00,10,1,2999.0,2018,5,5,Saturday
HXP,Junior Swimfit 7pm-8pm,2018-04-06,19:00:00,4,1,3999.0,2018,4,6,Friday
HXP,Junior Swimfit 7pm-8pm,2018-04-13,19:00:00,4,3,3999.0,2018,4,13,Friday
HXP,Junior Swimfit 7pm-8pm,2018-04-27,19:00:00,4,1,3999.0,2018,4,27,Friday
HXP,Junior Swimfit 7pm-8pm,2018-05-11,19:00:00,4,3,3999.0,2018,5,11,Friday
HXP,Junior Swimfit 7pm-8pm,2018-05-18,19:00:00,4,2,3999.0,2018,5,18,Friday
HXP,Junior Swimfit 7pm-8pm,2018-05-25,19:00:00,4,2,3999.0,2018,5,25,Friday
TSC,Leg Bum Tum 5.30-6.30pm,2018-04-09,17:30:00,24,15,1999.0,2018,4,9,Monday
TSC,Leg Bum Tum 5.30-6.30pm,2018-04-16,17:30:00,24,19,1999.0,2018,4,16,Monday
TSC,Leg Bum Tum 5.30-6.30pm,2018-04-23,17:30:00,24,15,1999.0,2018,4,23,Monday
TSC,Leg Bum Tum 5.30-6.30pm,2018-04-30,17:30:00,24,18,1999.0,2018,4,30,Monday
TSC,Leg Bum Tum 5.30-6.30pm,2018-05-14,17:30:00,24,15,1999.0,2018,5,14,Monday
TSC,Leg Bum Tum 5.30-6.30pm,2018-05-21,17:30:00,24,10,1999.0,2018,5,21,Monday
TSC,Legs Bums Tum 6.00-7.00pm,2018-04-04,18:00:00,24,15,1999.0,2018,4,4,Wednesday
TSC,Legs Bums Tum 6.00-7.00pm,2018-04-11,18:00:00,24,11,1999.0,2018,4,11,Wednesday
TSC,Legs Bums Tum 6.00-7.00pm,2018-04-18,18:00:00,24,14,1999.0,2018,4,18,Wednesday
TSC,Legs Bums Tum 6.00-7.00pm,2018-04-25,18:00:00,24,13,1999.0,2018,4,25,Wednesday
TSC,Legs Bums Tum 6.00-7.00pm,2018-05-02,18:00:00,24,13,1999.0,2018,5,2,Wednesday
TSC,Legs Bums Tum 6.00-7.00pm,2018-05-09,18:00:00,24,12,1999.0,2018,5,9,Wednesday
TSC,Legs Bums Tum 6.00-7.00pm,2018-05-16,18:00:00,24,14,1999.0,2018,5,16,Wednesday
TSC,Legs Bums Tum 6.00-7.00pm,2018-05-23,18:00:00,24,10,1999.0,2018,5,23,Wednesday
TSC,Legs Bums Tum 6.00-7.00pm,2018-05-30,18:00:00,24,6,1999.0,2018,5,30,Wednesday
SBP,Legs Bums Tums 10-11am,2018-04-03,10:00:00,35,20,1999.0,2018,4,3,Tuesday
SBP,Legs Bums Tums 10-11am,2018-04-10,10:00:00,35,17,1999.0,2018,4,10,Tuesday
SBP,Legs Bums Tums 10-11am,2018-04-17,10:00:00,35,28,1999.0,2018,4,17,Tuesday
SBP,Legs Bums Tums 10-11am,2018-04-24,10:00:00,35,27,1999.0,2018,4,24,Tuesday
SBP,Legs Bums Tums 10-11am,2018-05-01,10:00:00,35,27,1999.0,2018,5,1,Tuesday
SBP,Legs Bums Tums 10-11am,2018-05-08,10:00:00,35,19,1999.0,2018,5,8,Tuesday
SBP,Legs Bums Tums 10-11am,2018-05-15,10:00:00,35,24,1999.0,2018,5,15,Tuesday
SBP,Legs Bums Tums 10-11am,2018-05-22,10:00:00,35,20,1999.0,2018,5,22,Tuesday
SBP,Legs Bums Tums 10-11am,2018-05-29,10:00:00,35,17,1999.0,2018,5,29,Tuesday
BRP,Legs Bums Tums 12.30-1.30,2018-04-06,12:30:00,35,19,1999.0,2018,4,6,Friday
BRP,Legs Bums Tums 12.30-1.30,2018-04-13,12:30:00,35,15,1999.0,2018,4,13,Friday
BRP,Legs Bums Tums 12.30-1.30,2018-04-20,12:30:00,35,15,1999.0,2018,4,20,Friday
BRP,Legs Bums Tums 12.30-1.30,2018-04-27,12:30:00,35,9,1999.0,2018,4,27,Friday
BRP,Legs Bums Tums 12.30-1.30,2018-05-04,12:30:00,35,22,1999.0,2018,5,4,Friday
BRP,Legs Bums Tums 12.30-1.30,2018-05-11,12:30:00,35,20,1999.0,2018,5,11,Friday
BRP,Legs Bums Tums 12.30-1.30,2018-05-18,12:30:00,35,15,1999.0,2018,5,18,Friday
BRP,Legs Bums Tums 12.30-1.30,2018-05-25,12:30:00,35,21,1999.0,2018,5,25,Friday
NBL,Line Dance 10.45-11.45am,2018-04-03,10:45:00,70,60,1499.0,2018,4,3,Tuesday
NBL,Line Dance 10.45-11.45am,2018-04-10,10:45:00,70,64,1499.0,2018,4,10,Tuesday
NBL,Line Dance 10.45-11.45am,2018-04-17,10:45:00,70,55,1499.0,2018,4,17,Tuesday
NBL,Line Dance 10.45-11.45am,2018-04-24,10:45:00,70,47,1499.0,2018,4,24,Tuesday
NBL,Line Dance 10.45-11.45am,2018-05-01,10:45:00,70,56,1499.0,2018,5,1,Tuesday
NBL,Line Dance 10.45-11.45am,2018-05-08,10:45:00,70,56,1499.0,2018,5,8,Tuesday
NBL,Line Dance 10.45-11.45am,2018-05-15,10:45:00,70,54,1499.0,2018,5,15,Tuesday
NBL,Line Dance 10.45-11.45am,2018-05-22,10:45:00,70,42,1499.0,2018,5,22,Tuesday
NBL,Line Dance 10.45-11.45am,2018-05-29,10:45:00,70,47,1499.0,2018,5,29,Tuesday
NBL,Line Dance 11.45-12.45pm,2018-04-03,11:45:00,70,33,1499.0,2018,4,3,Tuesday
NBL,Line Dance 11.45-12.45pm,2018-04-10,11:45:00,70,36,1499.0,2018,4,10,Tuesday
NBL,Line Dance 11.45-12.45pm,2018-04-17,11:45:00,70,36,1499.0,2018,4,17,Tuesday
NBL,Line Dance 11.45-12.45pm,2018-04-24,11:45:00,70,26,1499.0,2018,4,24,Tuesday
NBL,Line Dance 11.45-12.45pm,2018-05-01,11:45:00,70,34,1499.0,2018,5,1,Tuesday
NBL,Line Dance 11.45-12.45pm,2018-05-08,11:45:00,70,31,1499.0,2018,5,8,Tuesday
NBL,Line Dance 11.45-12.45pm,2018-05-15,11:45:00,70,23,1499.0,2018,5,15,Tuesday
NBL,Line Dance 11.45-12.45pm,2018-05-22,11:45:00,70,31,1499.0,2018,5,22,Tuesday
NBL,Line Dance 11.45-12.45pm,2018-05-29,11:45:00,70,35,1499.0,2018,5,29,Tuesday
NBL,Line Dancing  11-12.30pm,2018-04-06,11:00:00,70,24,1499.0,2018,4,6,Friday
NBL,Line Dancing  11-12.30pm,2018-04-13,11:00:00,70,25,1499.0,2018,4,13,Friday
NBL,Line Dancing  11-12.30pm,2018-04-20,11:00:00,70,12,1499.0,2018,4,20,Friday
NBL,Line Dancing  11-12.30pm,2018-04-27,11:00:00,70,18,1499.0,2018,4,27,Friday
NBL,Line Dancing  11-12.30pm,2018-05-11,11:00:00,70,18,1499.0,2018,5,11,Friday
NBL,Line Dancing  11-12.30pm,2018-05-18,11:00:00,70,19,1499.0,2018,5,18,Friday
NBL,Line Dancing  11-12.30pm,2018-05-25,11:00:00,70,14,1499.0,2018,5,25,Friday
HXP,Line Dancing 1.15-2.00pm,2018-04-04,13:15:00,21,19,1499.0,2018,4,4,Wednesday
HXP,Line Dancing 1.15-2.00pm,2018-04-11,13:15:00,21,11,1499.0,2018,4,11,Wednesday
HXP,Line Dancing 1.15-2.00pm,2018-04-18,13:15:00,21,13,1499.0,2018,4,18,Wednesday
HXP,Line Dancing 1.15-2.00pm,2018-04-25,13:15:00,21,9,1499.0,2018,4,25,Wednesday
HXP,Line Dancing 1.15-2.00pm,2018-05-02,13:15:00,21,14,1499.0,2018,5,2,Wednesday
HXP,Line Dancing 1.15-2.00pm,2018-05-09,13:15:00,21,10,1499.0,2018,5,9,Wednesday
HXP,Line Dancing 1.15-2.00pm,2018-05-16,13:15:00,21,10,1499.0,2018,5,16,Wednesday
HXP,Line Dancing 1.15-2.00pm,2018-05-23,13:15:00,21,7,1499.0,2018,5,23,Wednesday
HXP,Line Dancing 1.15-2.00pm,2018-05-30,13:15:00,21,7,1499.0,2018,5,30,Wednesday
SBP,Line Dancing 1.30-2.30pm,2018-04-06,13:30:00,35,8,1499.0,2018,4,6,Friday
SBP,Line Dancing 1.30-2.30pm,2018-04-13,13:30:00,35,10,1499.0,2018,4,13,Friday
SBP,Line Dancing 1.30-2.30pm,2018-04-20,13:30:00,35,8,1499.0,2018,4,20,Friday
SBP,Line Dancing 1.30-2.30pm,2018-04-27,13:30:00,35,10,1499.0,2018,4,27,Friday
SBP,Line Dancing 1.30-2.30pm,2018-05-04,13:30:00,35,9,1499.0,2018,5,4,Friday
SBP,Line Dancing 1.30-2.30pm,2018-05-11,13:30:00,35,10,1499.0,2018,5,11,Friday
SBP,Line Dancing 1.30-2.30pm,2018-05-18,13:30:00,35,8,1499.0,2018,5,18,Friday
SBP,Line Dancing 1.30-2.30pm,2018-05-25,13:30:00,35,9,1499.0,2018,5,25,Friday
HXP,Line Dancing 2pm -3pm,2018-04-04,14:00:00,21,13,1499.0,2018,4,4,Wednesday
HXP,Line Dancing 2pm -3pm,2018-04-11,14:00:00,21,12,1499.0,2018,4,11,Wednesday
HXP,Line Dancing 2pm -3pm,2018-04-18,14:00:00,21,15,1499.0,2018,4,18,Wednesday
HXP,Line Dancing 2pm -3pm,2018-04-25,14:00:00,21,14,1499.0,2018,4,25,Wednesday
HXP,Line Dancing 2pm -3pm,2018-05-02,14:00:00,21,11,1499.0,2018,5,2,Wednesday
HXP,Line Dancing 2pm -3pm,2018-05-09,14:00:00,21,14,1499.0,2018,5,9,Wednesday
HXP,Line Dancing 2pm -3pm,2018-05-16,14:00:00,21,15,1499.0,2018,5,16,Wednesday
HXP,Line Dancing 2pm -3pm,2018-05-23,14:00:00,21,11,1499.0,2018,5,23,Wednesday
HXP,Line Dancing 2pm -3pm,2018-05-30,14:00:00,21,12,1499.0,2018,5,30,Wednesday
SBP,M M A Cond 8.30-9.30am,2018-04-07,8:30:00,20,14,3999.0,2018,4,7,Saturday
SBP,M M A Cond 8.30-9.30am,2018-04-14,8:30:00,20,17,3999.0,2018,4,14,Saturday
SBP,M M A Cond 8.30-9.30am,2018-04-21,8:30:00,20,11,3999.0,2018,4,21,Saturday
SBP,M M A Cond 8.30-9.30am,2018-04-28,8:30:00,20,14,3999.0,2018,4,28,Saturday
SBP,M M A Cond 8.30-9.30am,2018-05-05,8:30:00,20,7,3999.0,2018,5,5,Saturday
SBP,M M A Cond 8.30-9.30am,2018-05-12,8:30:00,20,15,3999.0,2018,5,12,Saturday
SBP,M M A Cond 8.30-9.30am,2018-05-19,8:30:00,20,16,3999.0,2018,5,19,Saturday
SBP,M M A Cond 8.30-9.30am,2018-05-26,8:30:00,20,10,3999.0,2018,5,26,Saturday
SBP,Metafit 4.30-5.00pm,2018-04-05,16:30:00,35,5,1999.0,2018,4,5,Thursday
SBP,Metafit 4.30-5.00pm,2018-04-12,16:30:00,35,6,1999.0,2018,4,12,Thursday
SBP,Metafit 4.30-5.00pm,2018-04-19,16:30:00,35,8,1999.0,2018,4,19,Thursday
SBP,Metafit 4.30-5.00pm,2018-04-26,16:30:00,35,7,1999.0,2018,4,26,Thursday
SBP,Metafit 4.30-5.00pm,2018-05-03,16:30:00,35,6,1999.0,2018,5,3,Thursday
SBP,Metafit 4.30-5.00pm,2018-05-10,16:30:00,35,9,1999.0,2018,5,10,Thursday
SBP,Metafit 4.30-5.00pm,2018-05-17,16:30:00,35,3,1999.0,2018,5,17,Thursday
SBP,Metafit 4.30-5.00pm,2018-05-24,16:30:00,35,3,1999.0,2018,5,24,Thursday
SBP,Metafit 4.30-5.00pm,2018-05-31,16:30:00,35,6,1999.0,2018,5,31,Thursday
TSC,Metafit 5.30-6.00pm,2018-04-04,17:30:00,24,13,1999.0,2018,4,4,Wednesday
TSC,Metafit 5.30-6.00pm,2018-04-11,17:30:00,24,9,1999.0,2018,4,11,Wednesday
TSC,Metafit 5.30-6.00pm,2018-04-18,17:30:00,24,16,1999.0,2018,4,18,Wednesday
TSC,Metafit 5.30-6.00pm,2018-04-25,17:30:00,24,15,1999.0,2018,4,25,Wednesday
TSC,Metafit 5.30-6.00pm,2018-05-02,17:30:00,24,7,1999.0,2018,5,2,Wednesday
TSC,Metafit 5.30-6.00pm,2018-05-09,17:30:00,24,9,1999.0,2018,5,9,Wednesday
TSC,Metafit 5.30-6.00pm,2018-05-16,17:30:00,24,11,1999.0,2018,5,16,Wednesday
TSC,Metafit 5.30-6.00pm,2018-05-23,17:30:00,24,14,1999.0,2018,5,23,Wednesday
TSC,Metafit 5.30-6.00pm,2018-05-30,17:30:00,24,13,1999.0,2018,5,30,Wednesday
NBL,Nice & Easy 10.00-10.45am,2018-04-03,10:00:00,40,16,999.0,2018,4,3,Tuesday
NBL,Nice & Easy 10.00-10.45am,2018-04-10,10:00:00,40,16,999.0,2018,4,10,Tuesday
NBL,Nice & Easy 10.00-10.45am,2018-04-17,10:00:00,40,17,999.0,2018,4,17,Tuesday
NBL,Nice & Easy 10.00-10.45am,2018-04-24,10:00:00,40,10,999.0,2018,4,24,Tuesday
NBL,Nice & Easy 10.00-10.45am,2018-05-01,10:00:00,40,22,999.0,2018,5,1,Tuesday
NBL,Nice & Easy 10.00-10.45am,2018-05-08,10:00:00,40,20,999.0,2018,5,8,Tuesday
NBL,Nice & Easy 10.00-10.45am,2018-05-15,10:00:00,40,16,999.0,2018,5,15,Tuesday
NBL,Nice & Easy 10.00-10.45am,2018-05-22,10:00:00,40,26,999.0,2018,5,22,Tuesday
NBL,Nice & Easy 10.00-10.45am,2018-05-29,10:00:00,40,16,999.0,2018,5,29,Tuesday
NBL,Nice & Easy 11.30-12.30pm,2018-04-05,11:30:00,60,12,999.0,2018,4,5,Thursday
NBL,Nice & Easy 11.30-12.30pm,2018-04-12,11:30:00,60,11,999.0,2018,4,12,Thursday
NBL,Nice & Easy 11.30-12.30pm,2018-04-19,11:30:00,60,8,999.0,2018,4,19,Thursday
NBL,Nice & Easy 11.30-12.30pm,2018-04-26,11:30:00,60,15,999.0,2018,4,26,Thursday
NBL,Nice & Easy 11.30-12.30pm,2018-05-03,11:30:00,60,14,999.0,2018,5,3,Thursday
NBL,Nice & Easy 11.30-12.30pm,2018-05-10,11:30:00,60,14,999.0,2018,5,10,Thursday
NBL,Nice & Easy 11.30-12.30pm,2018-05-17,11:30:00,60,11,999.0,2018,5,17,Thursday
NBL,Nice & Easy 11.30-12.30pm,2018-05-24,11:30:00,60,11,999.0,2018,5,24,Thursday
NBL,Nice & Easy 11.30-12.30pm,2018-05-31,11:30:00,60,11,999.0,2018,5,31,Thursday
NBL,Nice & Easy 9.15-10.15am,2018-04-04,9:15:00,60,20,999.0,2018,4,4,Wednesday
NBL,Nice & Easy 9.15-10.15am,2018-04-11,9:15:00,60,20,999.0,2018,4,11,Wednesday
NBL,Nice & Easy 9.15-10.15am,2018-04-18,9:15:00,60,18,999.0,2018,4,18,Wednesday
NBL,Nice & Easy 9.15-10.15am,2018-04-25,9:15:00,60,21,999.0,2018,4,25,Wednesday
NBL,Nice & Easy 9.15-10.15am,2018-05-02,9:15:00,60,24,999.0,2018,5,2,Wednesday
NBL,Nice & Easy 9.15-10.15am,2018-05-09,9:15:00,60,19,999.0,2018,5,9,Wednesday
NBL,Nice & Easy 9.15-10.15am,2018-05-16,9:15:00,60,20,999.0,2018,5,16,Wednesday
NBL,Nice & Easy 9.15-10.15am,2018-05-23,9:15:00,60,22,999.0,2018,5,23,Wednesday
NBL,Nice & Easy 9.15-10.15am,2018-05-30,9:15:00,60,16,999.0,2018,5,30,Wednesday
BRP,Nice N Easy 9.30-10.30am,2018-04-04,9:30:00,35,19,999.0,2018,4,4,Wednesday
BRP,Nice N Easy 9.30-10.30am,2018-04-11,9:30:00,35,20,999.0,2018,4,11,Wednesday
BRP,Nice N Easy 9.30-10.30am,2018-04-18,9:30:00,35,25,999.0,2018,4,18,Wednesday
BRP,Nice N Easy 9.30-10.30am,2018-04-25,9:30:00,35,23,999.0,2018,4,25,Wednesday
BRP,Nice N Easy 9.30-10.30am,2018-05-02,9:30:00,35,19,999.0,2018,5,2,Wednesday
BRP,Nice N Easy 9.30-10.30am,2018-05-16,9:30:00,35,23,999.0,2018,5,16,Wednesday
BRP,Nice N Easy 9.30-10.30am,2018-05-23,9:30:00,35,24,999.0,2018,5,23,Wednesday
BRP,Nice N Easy 9.30-10.30am,2018-05-30,9:30:00,35,18,999.0,2018,5,30,Wednesday
HXP,Pilates   9.00-10.00am,2018-04-03,9:00:00,25,23,2999.0,2018,4,3,Tuesday
HXP,Pilates   9.00-10.00am,2018-04-10,9:00:00,25,21,2999.0,2018,4,10,Tuesday
HXP,Pilates   9.00-10.00am,2018-04-17,9:00:00,25,25,2999.0,2018,4,17,Tuesday
HXP,Pilates   9.00-10.00am,2018-04-24,9:00:00,25,25,2999.0,2018,4,24,Tuesday
HXP,Pilates   9.00-10.00am,2018-05-01,9:00:00,25,25,2999.0,2018,5,1,Tuesday
HXP,Pilates   9.00-10.00am,2018-05-08,9:00:00,25,23,2999.0,2018,5,8,Tuesday
HXP,Pilates   9.00-10.00am,2018-05-15,9:00:00,25,23,2999.0,2018,5,15,Tuesday
HXP,Pilates   9.00-10.00am,2018-05-22,9:00:00,25,24,2999.0,2018,5,22,Tuesday
HXP,Pilates   9.00-10.00am,2018-05-29,9:00:00,25,23,2999.0,2018,5,29,Tuesday
BRP,Pilates 1.45-2.45pm,2018-04-04,13:45:00,35,22,2999.0,2018,4,4,Wednesday
BRP,Pilates 1.45-2.45pm,2018-04-11,13:45:00,35,25,2999.0,2018,4,11,Wednesday
BRP,Pilates 1.45-2.45pm,2018-04-18,13:45:00,35,22,2999.0,2018,4,18,Wednesday
BRP,Pilates 1.45-2.45pm,2018-04-25,13:45:00,35,23,2999.0,2018,4,25,Wednesday
BRP,Pilates 1.45-2.45pm,2018-05-02,13:45:00,35,19,2999.0,2018,5,2,Wednesday
BRP,Pilates 1.45-2.45pm,2018-05-09,13:45:00,35,20,2999.0,2018,5,9,Wednesday
BRP,Pilates 1.45-2.45pm,2018-05-16,13:45:00,35,18,2999.0,2018,5,16,Wednesday
BRP,Pilates 1.45-2.45pm,2018-05-23,13:45:00,35,20,2999.0,2018,5,23,Wednesday
BRP,Pilates 1.45-2.45pm,2018-05-30,13:45:00,35,19,2999.0,2018,5,30,Wednesday
NBL,Pilates 1.45-2.45pm,2018-04-03,13:45:00,60,39,2999.0,2018,4,3,Tuesday
NBL,Pilates 1.45-2.45pm,2018-04-10,13:45:00,60,38,2999.0,2018,4,10,Tuesday
NBL,Pilates 1.45-2.45pm,2018-04-17,13:45:00,60,45,2999.0,2018,4,17,Tuesday
NBL,Pilates 1.45-2.45pm,2018-04-24,13:45:00,60,38,2999.0,2018,4,24,Tuesday
NBL,Pilates 1.45-2.45pm,2018-05-01,13:45:00,60,45,2999.0,2018,5,1,Tuesday
NBL,Pilates 1.45-2.45pm,2018-05-08,13:45:00,60,41,2999.0,2018,5,8,Tuesday
NBL,Pilates 1.45-2.45pm,2018-05-15,13:45:00,60,33,2999.0,2018,5,15,Tuesday
NBL,Pilates 1.45-2.45pm,2018-05-22,13:45:00,60,37,2999.0,2018,5,22,Tuesday
NBL,Pilates 1.45-2.45pm,2018-05-29,13:45:00,60,31,2999.0,2018,5,29,Tuesday
NBL,Pilates 10.00-11.00am,2018-04-06,10:00:00,60,17,2999.0,2018,4,6,Friday
NBL,Pilates 10.00-11.00am,2018-04-13,10:00:00,60,20,2999.0,2018,4,13,Friday
NBL,Pilates 10.00-11.00am,2018-04-20,10:00:00,60,14,2999.0,2018,4,20,Friday
NBL,Pilates 10.00-11.00am,2018-04-27,10:00:00,60,19,2999.0,2018,4,27,Friday
NBL,Pilates 10.00-11.00am,2018-05-11,10:00:00,60,17,2999.0,2018,5,11,Friday
NBL,Pilates 10.00-11.00am,2018-05-18,10:00:00,60,18,2999.0,2018,5,18,Friday
NBL,Pilates 10.00-11.00am,2018-05-25,10:00:00,60,26,2999.0,2018,5,25,Friday
BRP,Pilates 11.00-12.00 Noon,2018-04-03,11:00:00,35,35,2999.0,2018,4,3,Tuesday
BRP,Pilates 11.00-12.00 Noon,2018-04-10,11:00:00,35,34,2999.0,2018,4,10,Tuesday
BRP,Pilates 11.00-12.00 Noon,2018-04-17,11:00:00,35,31,2999.0,2018,4,17,Tuesday
BRP,Pilates 11.00-12.00 Noon,2018-04-24,11:00:00,35,31,2999.0,2018,4,24,Tuesday
BRP,Pilates 11.00-12.00 Noon,2018-05-01,11:00:00,35,25,2999.0,2018,5,1,Tuesday
BRP,Pilates 11.00-12.00 Noon,2018-05-08,11:00:00,35,27,2999.0,2018,5,8,Tuesday
BRP,Pilates 11.00-12.00 Noon,2018-05-15,11:00:00,35,28,2999.0,2018,5,15,Tuesday
BRP,Pilates 11.00-12.00 Noon,2018-05-22,11:00:00,35,29,2999.0,2018,5,22,Tuesday
BRP,Pilates 11.00-12.00 Noon,2018-05-29,11:00:00,35,22,2999.0,2018,5,29,Tuesday
BRP,Pilates 12.15-1.15pm,2018-04-02,12:15:00,35,20,2999.0,2018,4,2,Monday
BRP,Pilates 12.15-1.15pm,2018-04-09,12:15:00,35,14,2999.0,2018,4,9,Monday
BRP,Pilates 12.15-1.15pm,2018-04-16,12:15:00,35,28,2999.0,2018,4,16,Monday
BRP,Pilates 12.15-1.15pm,2018-04-23,12:15:00,35,16,2999.0,2018,4,23,Monday
BRP,Pilates 12.15-1.15pm,2018-04-30,12:15:00,35,22,2999.0,2018,4,30,Monday
BRP,Pilates 12.15-1.15pm,2018-05-07,12:15:00,35,18,2999.0,2018,5,7,Monday
BRP,Pilates 12.15-1.15pm,2018-05-14,12:15:00,35,22,2999.0,2018,5,14,Monday
BRP,Pilates 12.15-1.15pm,2018-05-21,12:15:00,35,25,2999.0,2018,5,21,Monday
BRP,Pilates 12.15-1.15pm,2018-05-28,12:15:00,35,20,2999.0,2018,5,28,Monday
HXP,Pilates 13.45-14.45,2018-04-02,13:45:00,25,12,2999.0,2018,4,2,Monday
HXP,Pilates 13.45-14.45,2018-04-09,13:45:00,25,12,2999.0,2018,4,9,Monday
HXP,Pilates 13.45-14.45,2018-04-16,13:45:00,25,17,2999.0,2018,4,16,Monday
HXP,Pilates 13.45-14.45,2018-04-23,13:45:00,25,14,2999.0,2018,4,23,Monday
HXP,Pilates 13.45-14.45,2018-04-30,13:45:00,25,13,2999.0,2018,4,30,Monday
HXP,Pilates 13.45-14.45,2018-05-07,13:45:00,25,4,2999.0,2018,5,7,Monday
HXP,Pilates 13.45-14.45,2018-05-14,13:45:00,25,14,2999.0,2018,5,14,Monday
HXP,Pilates 13.45-14.45,2018-05-21,13:45:00,25,15,2999.0,2018,5,21,Monday
NBL,Pilates 14:45- 15:45,2018-04-05,14:45:00,60,12,2999.0,2018,4,5,Thursday
NBL,Pilates 14:45- 15:45,2018-04-12,14:45:00,60,18,2999.0,2018,4,12,Thursday
NBL,Pilates 14:45- 15:45,2018-04-19,14:45:00,60,8,2999.0,2018,4,19,Thursday
NBL,Pilates 14:45- 15:45,2018-04-26,14:45:00,60,14,2999.0,2018,4,26,Thursday
NBL,Pilates 14:45- 15:45,2018-05-03,14:45:00,60,8,2999.0,2018,5,3,Thursday
NBL,Pilates 14:45- 15:45,2018-05-10,14:45:00,60,10,2999.0,2018,5,10,Thursday
NBL,Pilates 14:45- 15:45,2018-05-17,14:45:00,60,11,2999.0,2018,5,17,Thursday
NBL,Pilates 14:45- 15:45,2018-05-24,14:45:00,60,7,2999.0,2018,5,24,Thursday
NBL,Pilates 14:45- 15:45,2018-05-31,14:45:00,60,9,2999.0,2018,5,31,Thursday
NBL,Pilates 5.00-5.45pm,2018-04-04,17:00:00,60,35,2999.0,2018,4,4,Wednesday
NBL,Pilates 5.00-5.45pm,2018-04-11,17:00:00,60,31,2999.0,2018,4,11,Wednesday
NBL,Pilates 5.00-5.45pm,2018-04-18,17:00:00,60,31,2999.0,2018,4,18,Wednesday
NBL,Pilates 5.00-5.45pm,2018-04-25,17:00:00,60,22,2999.0,2018,4,25,Wednesday
NBL,Pilates 5.00-5.45pm,2018-05-02,17:00:00,60,25,2999.0,2018,5,2,Wednesday
NBL,Pilates 5.00-5.45pm,2018-05-09,17:00:00,60,19,2999.0,2018,5,9,Wednesday
NBL,Pilates 5.00-5.45pm,2018-05-16,17:00:00,60,30,2999.0,2018,5,16,Wednesday
NBL,Pilates 5.00-5.45pm,2018-05-23,17:00:00,60,19,2999.0,2018,5,23,Wednesday
NBL,Pilates 5.00-5.45pm,2018-05-30,17:00:00,60,22,2999.0,2018,5,30,Wednesday
NBL,Pilates 6.45-7.45pm,2018-04-05,18:45:00,60,13,2999.0,2018,4,5,Thursday
NBL,Pilates 6.45-7.45pm,2018-04-12,18:45:00,60,19,2999.0,2018,4,12,Thursday
NBL,Pilates 6.45-7.45pm,2018-04-19,18:45:00,60,14,2999.0,2018,4,19,Thursday
NBL,Pilates 6.45-7.45pm,2018-04-26,18:45:00,60,25,2999.0,2018,4,26,Thursday
NBL,Pilates 6.45-7.45pm,2018-05-10,18:45:00,60,22,2999.0,2018,5,10,Thursday
NBL,Pilates 6.45-7.45pm,2018-05-17,18:45:00,60,15,2999.0,2018,5,17,Thursday
NBL,Pilates 6.45-7.45pm,2018-05-24,18:45:00,60,10,2999.0,2018,5,24,Thursday
NBL,Pilates 6.45-7.45pm,2018-05-31,18:45:00,60,25,2999.0,2018,5,31,Thursday
BRP,Pilates 7.30-8.30pm,2018-04-04,19:30:00,35,16,2999.0,2018,4,4,Wednesday
BRP,Pilates 7.30-8.30pm,2018-04-11,19:30:00,35,23,2999.0,2018,4,11,Wednesday
BRP,Pilates 7.30-8.30pm,2018-04-18,19:30:00,35,24,2999.0,2018,4,18,Wednesday
BRP,Pilates 7.30-8.30pm,2018-04-25,19:30:00,35,27,2999.0,2018,4,25,Wednesday
BRP,Pilates 7.30-8.30pm,2018-05-09,19:30:00,35,31,2999.0,2018,5,9,Wednesday
BRP,Pilates 7.30-8.30pm,2018-05-23,19:30:00,35,24,2999.0,2018,5,23,Wednesday
BRP,Pilates 7.30-8.30pm,2018-05-30,19:30:00,35,20,2999.0,2018,5,30,Wednesday
SBP,Pilates 8.00pm-9.00pm,2018-04-03,20:00:00,35,31,2999.0,2018,4,3,Tuesday
SBP,Pilates 8.00pm-9.00pm,2018-04-10,20:00:00,35,22,2999.0,2018,4,10,Tuesday
SBP,Pilates 8.00pm-9.00pm,2018-04-17,20:00:00,35,27,2999.0,2018,4,17,Tuesday
SBP,Pilates 8.00pm-9.00pm,2018-04-24,20:00:00,35,29,2999.0,2018,4,24,Tuesday
SBP,Pilates 8.00pm-9.00pm,2018-05-01,20:00:00,35,29,2999.0,2018,5,1,Tuesday
SBP,Pilates 8.00pm-9.00pm,2018-05-08,20:00:00,35,22,2999.0,2018,5,8,Tuesday
SBP,Pilates 8.00pm-9.00pm,2018-05-15,20:00:00,35,17,2999.0,2018,5,15,Tuesday
SBP,Pilates 8.00pm-9.00pm,2018-05-22,20:00:00,35,24,2999.0,2018,5,22,Tuesday
SBP,Pilates 8.00pm-9.00pm,2018-05-29,20:00:00,35,18,2999.0,2018,5,29,Tuesday
HXP,Pilates 9-10am,2018-04-04,9:00:00,25,21,2999.0,2018,4,4,Wednesday
HXP,Pilates 9-10am,2018-04-11,9:00:00,25,21,2999.0,2018,4,11,Wednesday
HXP,Pilates 9-10am,2018-04-18,9:00:00,25,25,2999.0,2018,4,18,Wednesday
HXP,Pilates 9-10am,2018-04-25,9:00:00,25,25,2999.0,2018,4,25,Wednesday
HXP,Pilates 9-10am,2018-05-02,9:00:00,25,24,2999.0,2018,5,2,Wednesday
HXP,Pilates 9-10am,2018-05-09,9:00:00,25,22,2999.0,2018,5,9,Wednesday
HXP,Pilates 9-10am,2018-05-16,9:00:00,25,23,2999.0,2018,5,16,Wednesday
HXP,Pilates 9-10am,2018-05-23,9:00:00,25,25,2999.0,2018,5,23,Wednesday
HXP,Pilates 9-10am,2018-05-30,9:00:00,25,21,2999.0,2018,5,30,Wednesday
HXP,Pilates 9.00-9.50am,2018-04-05,9:00:00,25,22,2999.0,2018,4,5,Thursday
HXP,Pilates 9.00-9.50am,2018-04-12,9:00:00,25,24,2999.0,2018,4,12,Thursday
HXP,Pilates 9.00-9.50am,2018-04-19,9:00:00,25,22,2999.0,2018,4,19,Thursday
HXP,Pilates 9.00-9.50am,2018-04-26,9:00:00,25,24,2999.0,2018,4,26,Thursday
HXP,Pilates 9.00-9.50am,2018-05-03,9:00:00,25,25,2999.0,2018,5,3,Thursday
HXP,Pilates 9.00-9.50am,2018-05-10,9:00:00,25,25,2999.0,2018,5,10,Thursday
HXP,Pilates 9.00-9.50am,2018-05-17,9:00:00,25,25,2999.0,2018,5,17,Thursday
HXP,Pilates 9.00-9.50am,2018-05-24,9:00:00,25,24,2999.0,2018,5,24,Thursday
HXP,Pilates 9.00-9.50am,2018-05-31,9:00:00,25,25,2999.0,2018,5,31,Thursday
TSC,Pilates 9.30-10.30am,2018-04-04,9:30:00,24,24,2999.0,2018,4,4,Wednesday
TSC,Pilates 9.30-10.30am,2018-04-06,9:30:00,24,24,2999.0,2018,4,6,Friday
TSC,Pilates 9.30-10.30am,2018-04-11,9:30:00,24,24,2999.0,2018,4,11,Wednesday
TSC,Pilates 9.30-10.30am,2018-04-13,9:30:00,24,24,2999.0,2018,4,13,Friday
TSC,Pilates 9.30-10.30am,2018-04-18,9:30:00,24,24,2999.0,2018,4,18,Wednesday
TSC,Pilates 9.30-10.30am,2018-04-20,9:30:00,24,21,2999.0,2018,4,20,Friday
TSC,Pilates 9.30-10.30am,2018-04-25,9:30:00,24,24,2999.0,2018,4,25,Wednesday
TSC,Pilates 9.30-10.30am,2018-04-27,9:30:00,24,23,2999.0,2018,4,27,Friday
TSC,Pilates 9.30-10.30am,2018-05-02,9:30:00,24,24,2999.0,2018,5,2,Wednesday
TSC,Pilates 9.30-10.30am,2018-05-04,9:30:00,24,24,2999.0,2018,5,4,Friday
TSC,Pilates 9.30-10.30am,2018-05-09,9:30:00,24,24,2999.0,2018,5,9,Wednesday
TSC,Pilates 9.30-10.30am,2018-05-11,9:30:00,24,20,2999.0,2018,5,11,Friday
TSC,Pilates 9.30-10.30am,2018-05-16,9:30:00,24,24,2999.0,2018,5,16,Wednesday
TSC,Pilates 9.30-10.30am,2018-05-18,9:30:00,24,24,2999.0,2018,5,18,Friday
TSC,Pilates 9.30-10.30am,2018-05-23,9:30:00,24,24,2999.0,2018,5,23,Wednesday
TSC,Pilates 9.30-10.30am,2018-05-25,9:30:00,24,24,2999.0,2018,5,25,Friday
TSC,Pilates 9.30-10.30am,2018-05-30,9:30:00,24,22,2999.0,2018,5,30,Wednesday
NBL,Power Yoga 10.00-11.00am,2018-04-09,10:00:00,70,9,2499.0,2018,4,9,Monday
NBL,Power Yoga 10.00-11.00am,2018-04-16,10:00:00,70,25,2499.0,2018,4,16,Monday
NBL,Power Yoga 10.00-11.00am,2018-04-23,10:00:00,70,25,2499.0,2018,4,23,Monday
NBL,Power Yoga 10.00-11.00am,2018-05-14,10:00:00,70,20,2499.0,2018,5,14,Monday
NBL,Power Yoga 10.00-11.00am,2018-05-21,10:00:00,70,18,2499.0,2018,5,21,Monday
NBL,Power Yoga 10.15-11.15am,2018-04-04,10:15:00,60,20,2499.0,2018,4,4,Wednesday
NBL,Power Yoga 10.15-11.15am,2018-04-11,10:15:00,60,17,2499.0,2018,4,11,Wednesday
NBL,Power Yoga 10.15-11.15am,2018-04-18,10:15:00,60,21,2499.0,2018,4,18,Wednesday
NBL,Power Yoga 10.15-11.15am,2018-04-25,10:15:00,60,18,2499.0,2018,4,25,Wednesday
NBL,Power Yoga 10.15-11.15am,2018-05-09,10:15:00,60,21,2499.0,2018,5,9,Wednesday
NBL,Power Yoga 10.15-11.15am,2018-05-16,10:15:00,60,23,2499.0,2018,5,16,Wednesday
NBL,Power Yoga 10.15-11.15am,2018-05-23,10:15:00,60,29,2499.0,2018,5,23,Wednesday
NBL,Pump  8.15-9.15pm,2018-04-03,20:15:00,60,17,2999.0,2018,4,3,Tuesday
NBL,Pump  8.15-9.15pm,2018-04-10,20:15:00,60,14,2999.0,2018,4,10,Tuesday
NBL,Pump  8.15-9.15pm,2018-04-17,20:15:00,60,20,2999.0,2018,4,17,Tuesday
NBL,Pump  8.15-9.15pm,2018-04-24,20:15:00,60,15,2999.0,2018,4,24,Tuesday
NBL,Pump  8.15-9.15pm,2018-05-01,20:15:00,60,24,2999.0,2018,5,1,Tuesday
NBL,Pump  8.15-9.15pm,2018-05-08,20:15:00,60,16,2999.0,2018,5,8,Tuesday
NBL,Pump  8.15-9.15pm,2018-05-15,20:15:00,60,11,2999.0,2018,5,15,Tuesday
NBL,Pump  8.15-9.15pm,2018-05-22,20:15:00,60,13,2999.0,2018,5,22,Tuesday
NBL,Pump  8.15-9.15pm,2018-05-29,20:15:00,60,13,2999.0,2018,5,29,Tuesday
BRP,Pure Stretch  11.00 12.00,2018-04-01,11:00:00,35,26,999.0,2018,4,1,Sunday
BRP,Pure Stretch  11.00 12.00,2018-04-08,11:00:00,35,29,999.0,2018,4,8,Sunday
BRP,Pure Stretch  11.00 12.00,2018-04-22,11:00:00,35,26,999.0,2018,4,22,Sunday
BRP,Pure Stretch  11.00 12.00,2018-04-29,11:00:00,35,23,999.0,2018,4,29,Sunday
BRP,Pure Stretch  11.00 12.00,2018-05-06,11:00:00,35,20,999.0,2018,5,6,Sunday
BRP,Pure Stretch  11.00 12.00,2018-05-13,11:00:00,35,29,999.0,2018,5,13,Sunday
BRP,Pure Stretch  11.00 12.00,2018-05-20,11:00:00,35,22,999.0,2018,5,20,Sunday
BRP,Pure Stretch  11.00 12.00,2018-05-27,11:00:00,35,20,999.0,2018,5,27,Sunday
SBP,Pure Stretch 12.00-1.00pm,2018-04-05,12:00:00,35,18,999.0,2018,4,5,Thursday
SBP,Pure Stretch 12.00-1.00pm,2018-04-12,12:00:00,35,19,999.0,2018,4,12,Thursday
SBP,Pure Stretch 12.00-1.00pm,2018-04-19,12:00:00,35,20,999.0,2018,4,19,Thursday
SBP,Pure Stretch 12.00-1.00pm,2018-04-26,12:00:00,35,17,999.0,2018,4,26,Thursday
SBP,Pure Stretch 12.00-1.00pm,2018-05-03,12:00:00,35,19,999.0,2018,5,3,Thursday
SBP,Pure Stretch 12.00-1.00pm,2018-05-10,12:00:00,35,20,999.0,2018,5,10,Thursday
SBP,Pure Stretch 12.00-1.00pm,2018-05-17,12:00:00,35,19,999.0,2018,5,17,Thursday
SBP,Pure Stretch 12.00-1.00pm,2018-05-24,12:00:00,35,16,999.0,2018,5,24,Thursday
SBP,Pure Stretch 12.00-1.00pm,2018-05-31,12:00:00,35,22,999.0,2018,5,31,Thursday
SBP,Pure Stretch 8-9pm,2018-04-04,20:00:00,35,13,999.0,2018,4,4,Wednesday
SBP,Pure Stretch 8-9pm,2018-04-11,20:00:00,35,20,999.0,2018,4,11,Wednesday
SBP,Pure Stretch 8-9pm,2018-04-18,20:00:00,35,22,999.0,2018,4,18,Wednesday
SBP,Pure Stretch 8-9pm,2018-04-25,20:00:00,35,27,999.0,2018,4,25,Wednesday
SBP,Pure Stretch 8-9pm,2018-05-02,20:00:00,35,21,999.0,2018,5,2,Wednesday
SBP,Pure Stretch 8-9pm,2018-05-09,20:00:00,35,25,999.0,2018,5,9,Wednesday
SBP,Pure Stretch 8-9pm,2018-05-16,20:00:00,35,21,999.0,2018,5,16,Wednesday
SBP,Pure Stretch 8-9pm,2018-05-23,20:00:00,35,20,999.0,2018,5,23,Wednesday
SBP,Pure Stretch 8-9pm,2018-05-30,20:00:00,35,19,999.0,2018,5,30,Wednesday
HXP,Rock Roll Dancing 3 - 4pm,2018-04-04,15:00:00,24,11,1999.0,2018,4,4,Wednesday
HXP,Rock Roll Dancing 3 - 4pm,2018-04-11,15:00:00,24,9,1999.0,2018,4,11,Wednesday
HXP,Rock Roll Dancing 3 - 4pm,2018-04-18,15:00:00,24,8,1999.0,2018,4,18,Wednesday
HXP,Rock Roll Dancing 3 - 4pm,2018-04-25,15:00:00,24,8,1999.0,2018,4,25,Wednesday
HXP,Rock Roll Dancing 3 - 4pm,2018-05-02,15:00:00,24,6,1999.0,2018,5,2,Wednesday
HXP,Rock Roll Dancing 3 - 4pm,2018-05-09,15:00:00,24,9,1999.0,2018,5,9,Wednesday
HXP,Rock Roll Dancing 3 - 4pm,2018-05-16,15:00:00,24,3,1999.0,2018,5,16,Wednesday
HXP,Rock Roll Dancing 3 - 4pm,2018-05-23,15:00:00,24,10,1999.0,2018,5,23,Wednesday
HXP,Rock Roll Dancing 3 - 4pm,2018-05-30,15:00:00,24,8,1999.0,2018,5,30,Wednesday
NBL,Sh`Bam   6.30-7.30pm,2018-04-06,18:30:00,70,37,999.0,2018,4,6,Friday
NBL,Sh`Bam   6.30-7.30pm,2018-04-13,18:30:00,70,23,999.0,2018,4,13,Friday
NBL,Sh`Bam   6.30-7.30pm,2018-04-20,18:30:00,70,40,999.0,2018,4,20,Friday
NBL,Sh`Bam   6.30-7.30pm,2018-04-27,18:30:00,70,32,999.0,2018,4,27,Friday
NBL,Sh`Bam   6.30-7.30pm,2018-05-04,18:30:00,70,23,999.0,2018,5,4,Friday
NBL,Sh`Bam   6.30-7.30pm,2018-05-11,18:30:00,70,25,999.0,2018,5,11,Friday
NBL,Sh`Bam   6.30-7.30pm,2018-05-18,18:30:00,70,23,999.0,2018,5,18,Friday
NBL,Sh`Bam   6.30-7.30pm,2018-05-25,18:30:00,70,16,999.0,2018,5,25,Friday
NBL,Sh`Bam  7.30-8.15pm,2018-04-03,19:30:00,70,30,999.0,2018,4,3,Tuesday
NBL,Sh`Bam  7.30-8.15pm,2018-04-10,19:30:00,70,30,999.0,2018,4,10,Tuesday
NBL,Sh`Bam  7.30-8.15pm,2018-04-17,19:30:00,70,32,999.0,2018,4,17,Tuesday
NBL,Sh`Bam  7.30-8.15pm,2018-04-24,19:30:00,70,32,999.0,2018,4,24,Tuesday
NBL,Sh`Bam  7.30-8.15pm,2018-05-01,19:30:00,70,35,999.0,2018,5,1,Tuesday
NBL,Sh`Bam  7.30-8.15pm,2018-05-08,19:30:00,70,28,999.0,2018,5,8,Tuesday
NBL,Sh`Bam  7.30-8.15pm,2018-05-15,19:30:00,70,22,999.0,2018,5,15,Tuesday
NBL,Sh`Bam  7.30-8.15pm,2018-05-22,19:30:00,70,32,999.0,2018,5,22,Tuesday
NBL,Sh`Bam  7.30-8.15pm,2018-05-29,19:30:00,70,25,999.0,2018,5,29,Tuesday
NBL,Sha`Bam  11.00-12.00pm,2018-04-07,11:00:00,70,15,999.0,2018,4,7,Saturday
NBL,Sha`Bam  11.00-12.00pm,2018-04-21,11:00:00,70,12,999.0,2018,4,21,Saturday
NBL,Sha`Bam  11.00-12.00pm,2018-04-28,11:00:00,70,11,999.0,2018,4,28,Saturday
NBL,Sha`Bam  11.00-12.00pm,2018-05-05,11:00:00,70,14,999.0,2018,5,5,Saturday
NBL,Sha`Bam  11.00-12.00pm,2018-05-12,11:00:00,70,18,999.0,2018,5,12,Saturday
NBL,Sha`Bam  11.00-12.00pm,2018-05-19,11:00:00,70,13,999.0,2018,5,19,Saturday
NBL,Sha`Bam  11.00-12.00pm,2018-05-26,11:00:00,70,12,999.0,2018,5,26,Saturday
TSC,Step 6-7pm,2018-04-05,18:00:00,14,15,1999.0,2018,4,5,Thursday
TSC,Step 6-7pm,2018-04-12,18:00:00,14,14,1999.0,2018,4,12,Thursday
TSC,Step 6-7pm,2018-04-19,18:00:00,14,11,1999.0,2018,4,19,Thursday
TSC,Step 6-7pm,2018-04-26,18:00:00,14,11,1999.0,2018,4,26,Thursday
TSC,Step 6-7pm,2018-05-03,18:00:00,14,14,1999.0,2018,5,3,Thursday
TSC,Step 6-7pm,2018-05-10,18:00:00,14,14,1999.0,2018,5,10,Thursday
TSC,Step 6-7pm,2018-05-17,18:00:00,14,15,1999.0,2018,5,17,Thursday
TSC,Step 6-7pm,2018-05-24,18:00:00,14,14,1999.0,2018,5,24,Thursday
TSC,Step 6-7pm,2018-05-31,18:00:00,14,13,1999.0,2018,5,31,Thursday
NBL,Step Aerobics 10-11.00am,2018-04-07,10:00:00,60,19,1999.0,2018,4,7,Saturday
NBL,Step Aerobics 10-11.00am,2018-04-21,10:00:00,60,18,1999.0,2018,4,21,Saturday
NBL,Step Aerobics 10-11.00am,2018-04-28,10:00:00,60,25,1999.0,2018,4,28,Saturday
NBL,Step Aerobics 10-11.00am,2018-05-05,10:00:00,60,19,1999.0,2018,5,5,Saturday
NBL,Step Aerobics 10-11.00am,2018-05-12,10:00:00,60,23,1999.0,2018,5,12,Saturday
NBL,Step Aerobics 10-11.00am,2018-05-19,10:00:00,60,17,1999.0,2018,5,19,Saturday
NBL,Step Aerobics 10-11.00am,2018-05-26,10:00:00,60,26,1999.0,2018,5,26,Saturday
NBL,Step Aerobics 5.45-6.30pm,2018-04-03,17:45:00,60,21,1999.0,2018,4,3,Tuesday
NBL,Step Aerobics 5.45-6.30pm,2018-04-10,17:45:00,60,23,1999.0,2018,4,10,Tuesday
NBL,Step Aerobics 5.45-6.30pm,2018-04-17,17:45:00,60,32,1999.0,2018,4,17,Tuesday
NBL,Step Aerobics 5.45-6.30pm,2018-04-24,17:45:00,60,31,1999.0,2018,4,24,Tuesday
NBL,Step Aerobics 5.45-6.30pm,2018-05-01,17:45:00,60,27,1999.0,2018,5,1,Tuesday
NBL,Step Aerobics 5.45-6.30pm,2018-05-08,17:45:00,60,22,1999.0,2018,5,8,Tuesday
NBL,Step Aerobics 5.45-6.30pm,2018-05-15,17:45:00,60,27,1999.0,2018,5,15,Tuesday
NBL,Step Aerobics 5.45-6.30pm,2018-05-22,17:45:00,60,25,1999.0,2018,5,22,Tuesday
NBL,Step Aerobics 5.45-6.30pm,2018-05-29,17:45:00,60,18,1999.0,2018,5,29,Tuesday
SBP,Step Heidi (from Nb)10.30,2018-04-14,10:30:00,30,18,1999.0,2018,4,14,Saturday
SBP,Step Zumba 6.00-7.00pm,2018-04-05,18:00:00,30,13,1999.0,2018,4,5,Thursday
SBP,Step Zumba 6.00-7.00pm,2018-04-12,18:00:00,30,13,1999.0,2018,4,12,Thursday
SBP,Step Zumba 6.00-7.00pm,2018-04-19,18:00:00,30,14,1999.0,2018,4,19,Thursday
SBP,Step Zumba 6.00-7.00pm,2018-04-26,18:00:00,30,15,1999.0,2018,4,26,Thursday
SBP,Step Zumba 6.00-7.00pm,2018-05-03,18:00:00,30,20,1999.0,2018,5,3,Thursday
SBP,Step Zumba 6.00-7.00pm,2018-05-10,18:00:00,30,17,1999.0,2018,5,10,Thursday
SBP,Step Zumba 6.00-7.00pm,2018-05-17,18:00:00,30,13,1999.0,2018,5,17,Thursday
SBP,Step Zumba 6.00-7.00pm,2018-05-24,18:00:00,30,10,1999.0,2018,5,24,Thursday
SBP,Step Zumba 6.00-7.00pm,2018-05-31,18:00:00,30,11,1999.0,2018,5,31,Thursday
TSC,Step- 10.00-11.00am,2018-04-03,10:00:00,20,14,1999.0,2018,4,3,Tuesday
TSC,Step- 10.00-11.00am,2018-04-10,10:00:00,20,14,1999.0,2018,4,10,Tuesday
TSC,Step- 10.00-11.00am,2018-04-17,10:00:00,20,12,1999.0,2018,4,17,Tuesday
TSC,Step- 10.00-11.00am,2018-04-24,10:00:00,20,11,1999.0,2018,4,24,Tuesday
TSC,Step- 10.00-11.00am,2018-05-01,10:00:00,20,13,1999.0,2018,5,1,Tuesday
TSC,Step- 10.00-11.00am,2018-05-08,10:00:00,20,9,1999.0,2018,5,8,Tuesday
TSC,Step- 10.00-11.00am,2018-05-15,10:00:00,20,11,1999.0,2018,5,15,Tuesday
TSC,Step- 10.00-11.00am,2018-05-22,10:00:00,20,12,1999.0,2018,5,22,Tuesday
TSC,Step- 10.00-11.00am,2018-05-29,10:00:00,20,9,1999.0,2018,5,29,Tuesday
NBL,Strength&stretch1230-1330,2018-04-04,12:30:00,60,8,2999.0,2018,4,4,Wednesday
NBL,Strength&stretch1230-1330,2018-04-11,12:30:00,60,11,2999.0,2018,4,11,Wednesday
NBL,Strength&stretch1230-1330,2018-04-18,12:30:00,60,6,2999.0,2018,4,18,Wednesday
NBL,Strength&stretch1230-1330,2018-04-25,12:30:00,60,6,2999.0,2018,4,25,Wednesday
NBL,Strength&stretch1230-1330,2018-05-02,12:30:00,60,4,2999.0,2018,5,2,Wednesday
NBL,Strength&stretch1230-1330,2018-05-09,12:30:00,60,5,2999.0,2018,5,9,Wednesday
NBL,Strength&stretch1230-1330,2018-05-16,12:30:00,60,8,2999.0,2018,5,16,Wednesday
NBL,Strength&stretch1230-1330,2018-05-23,12:30:00,60,8,2999.0,2018,5,23,Wednesday
NBL,Strength&stretch1230-1330,2018-05-30,12:30:00,60,6,2999.0,2018,5,30,Wednesday
SBP,Stretch   11.30-12.30pm,2018-04-04,11:30:00,35,16,999.0,2018,4,4,Wednesday
SBP,Stretch   11.30-12.30pm,2018-04-18,11:30:00,35,16,999.0,2018,4,18,Wednesday
SBP,Stretch   11.30-12.30pm,2018-04-25,11:30:00,35,19,999.0,2018,4,25,Wednesday
SBP,Stretch   11.30-12.30pm,2018-05-02,11:30:00,35,21,999.0,2018,5,2,Wednesday
SBP,Stretch   11.30-12.30pm,2018-05-09,11:30:00,35,17,999.0,2018,5,9,Wednesday
SBP,Stretch   11.30-12.30pm,2018-05-16,11:30:00,35,12,999.0,2018,5,16,Wednesday
SBP,Stretch   11.30-12.30pm,2018-05-23,11:30:00,35,13,999.0,2018,5,23,Wednesday
SBP,Stretch   11.30-12.30pm,2018-05-30,11:30:00,35,11,999.0,2018,5,30,Wednesday
SBP,Stretch 11-12.00,2018-05-22,11:00:00,30,9,999.0,2018,5,22,Tuesday
SBP,Stretch 11-12.00,2018-05-29,11:00:00,30,10,999.0,2018,5,29,Tuesday
SBP,Stretch 11-12pm,2018-05-18,11:00:00,35,13,999.0,2018,5,18,Friday
SBP,Stretch 6pm -7pm,2018-04-09,18:00:00,35,20,999.0,2018,4,9,Monday
SBP,Stretch 6pm -7pm,2018-04-16,18:00:00,35,18,999.0,2018,4,16,Monday
SBP,Stretch 6pm -7pm,2018-04-23,18:00:00,35,19,999.0,2018,4,23,Monday
SBP,Stretch 6pm -7pm,2018-04-30,18:00:00,35,21,999.0,2018,4,30,Monday
SBP,Stretch 6pm -7pm,2018-05-14,18:00:00,35,17,999.0,2018,5,14,Monday
SBP,Stretch 6pm -7pm,2018-05-21,18:00:00,35,21,999.0,2018,5,21,Monday
BRP,Stretch And Tone 12-1pm,2018-04-03,12:00:00,35,12,1499.0,2018,4,3,Tuesday
BRP,Stretch And Tone 12-1pm,2018-04-10,12:00:00,35,9,1499.0,2018,4,10,Tuesday
BRP,Stretch And Tone 12-1pm,2018-04-17,12:00:00,35,12,1499.0,2018,4,17,Tuesday
BRP,Stretch And Tone 12-1pm,2018-04-24,12:00:00,35,10,1499.0,2018,4,24,Tuesday
BRP,Stretch And Tone 12-1pm,2018-05-01,12:00:00,35,8,1499.0,2018,5,1,Tuesday
BRP,Stretch And Tone 12-1pm,2018-05-08,12:00:00,35,8,1499.0,2018,5,8,Tuesday
BRP,Stretch And Tone 12-1pm,2018-05-15,12:00:00,35,5,1499.0,2018,5,15,Tuesday
BRP,Stretch And Tone 12-1pm,2018-05-22,12:00:00,35,9,1499.0,2018,5,22,Tuesday
BRP,Stretch And Tone 12-1pm,2018-05-29,12:00:00,35,9,1499.0,2018,5,29,Tuesday
TSC,Stretch Ntone12.30-1.30pm,2018-04-04,12:30:00,24,9,1499.0,2018,4,4,Wednesday
TSC,Stretch Ntone12.30-1.30pm,2018-04-11,12:30:00,24,5,1499.0,2018,4,11,Wednesday
TSC,Stretch Ntone12.30-1.30pm,2018-04-18,12:30:00,24,9,1499.0,2018,4,18,Wednesday
TSC,Stretch Ntone12.30-1.30pm,2018-04-25,12:30:00,24,10,1499.0,2018,4,25,Wednesday
TSC,Stretch Ntone12.30-1.30pm,2018-05-02,12:30:00,24,13,1499.0,2018,5,2,Wednesday
TSC,Stretch Ntone12.30-1.30pm,2018-05-09,12:30:00,24,12,1499.0,2018,5,9,Wednesday
TSC,Stretch Ntone12.30-1.30pm,2018-05-16,12:30:00,24,8,1499.0,2018,5,16,Wednesday
TSC,Stretch Ntone12.30-1.30pm,2018-05-23,12:30:00,24,10,1499.0,2018,5,23,Wednesday
TSC,Stretch Ntone12.30-1.30pm,2018-05-30,12:30:00,24,8,1499.0,2018,5,30,Wednesday
TSC,Stroke Skill19.15-20.15pm,2018-04-05,19:15:00,12,7,2999.0,2018,4,5,Thursday
TSC,Stroke Skill19.15-20.15pm,2018-04-12,19:15:00,12,7,2999.0,2018,4,12,Thursday
TSC,Stroke Skill19.15-20.15pm,2018-04-19,19:15:00,12,9,2999.0,2018,4,19,Thursday
TSC,Stroke Skill19.15-20.15pm,2018-04-26,19:15:00,12,10,2999.0,2018,4,26,Thursday
TSC,Stroke Skill19.15-20.15pm,2018-05-03,19:15:00,12,8,2999.0,2018,5,3,Thursday
TSC,Stroke Skill19.15-20.15pm,2018-05-10,19:15:00,12,8,2999.0,2018,5,10,Thursday
TSC,Stroke Skill19.15-20.15pm,2018-05-17,19:15:00,12,1,2999.0,2018,5,17,Thursday
TSC,Stroke Skill19.15-20.15pm,2018-05-24,19:15:00,12,9,2999.0,2018,5,24,Thursday
TSC,Stroke Skill19.15-20.15pm,2018-05-31,19:15:00,12,7,2999.0,2018,5,31,Thursday
HXP,Strokeskills 6 -7pm,2018-04-04,18:00:00,15,6,2999.0,2018,4,4,Wednesday
HXP,Strokeskills 6 -7pm,2018-04-11,18:00:00,15,7,2999.0,2018,4,11,Wednesday
HXP,Strokeskills 6 -7pm,2018-04-18,18:00:00,15,3,2999.0,2018,4,18,Wednesday
HXP,Strokeskills 6 -7pm,2018-04-25,18:00:00,15,5,2999.0,2018,4,25,Wednesday
HXP,Strokeskills 6 -7pm,2018-05-02,18:00:00,15,4,2999.0,2018,5,2,Wednesday
HXP,Strokeskills 6 -7pm,2018-05-09,18:00:00,15,5,2999.0,2018,5,9,Wednesday
HXP,Strokeskills 6 -7pm,2018-05-16,18:00:00,15,3,2999.0,2018,5,16,Wednesday
HXP,Strokeskills 6 -7pm,2018-05-23,18:00:00,15,7,2999.0,2018,5,23,Wednesday
HXP,Strokeskills 6pm - 7pm,2018-04-06,18:00:00,10,6,2999.0,2018,4,6,Friday
HXP,Strokeskills 6pm - 7pm,2018-04-13,18:00:00,10,8,2999.0,2018,4,13,Friday
HXP,Strokeskills 6pm - 7pm,2018-04-20,18:00:00,10,9,2999.0,2018,4,20,Friday
HXP,Strokeskills 6pm - 7pm,2018-04-27,18:00:00,10,10,2999.0,2018,4,27,Friday
HXP,Strokeskills 6pm - 7pm,2018-05-04,18:00:00,10,8,2999.0,2018,5,4,Friday
HXP,Strokeskills 6pm - 7pm,2018-05-11,18:00:00,10,10,2999.0,2018,5,11,Friday
HXP,Strokeskills 6pm - 7pm,2018-05-18,18:00:00,10,10,2999.0,2018,5,18,Friday
HXP,Strokeskills 6pm - 7pm,2018-05-25,18:00:00,10,9,2999.0,2018,5,25,Friday
BRP,Strokeskills 7.15-8.15pm,2018-04-06,19:15:00,10,5,2999.0,2018,4,6,Friday
BRP,Strokeskills 7.15-8.15pm,2018-04-13,19:15:00,10,3,2999.0,2018,4,13,Friday
BRP,Strokeskills 7.15-8.15pm,2018-04-20,19:15:00,10,5,2999.0,2018,4,20,Friday
BRP,Strokeskills 7.15-8.15pm,2018-04-27,19:15:00,10,3,2999.0,2018,4,27,Friday
BRP,Strokeskills 7.15-8.15pm,2018-05-04,19:15:00,10,1,2999.0,2018,5,4,Friday
BRP,Strokeskills 7.15-8.15pm,2018-05-18,19:15:00,10,4,2999.0,2018,5,18,Friday
BRP,Strokeskills 7.15-8.15pm,2018-05-25,19:15:00,10,3,2999.0,2018,5,25,Friday
BRP,Strokeskills 7pm -8pm,2018-04-04,19:00:00,10,7,2999.0,2018,4,4,Wednesday
BRP,Strokeskills 7pm -8pm,2018-04-11,19:00:00,10,7,2999.0,2018,4,11,Wednesday
BRP,Strokeskills 7pm -8pm,2018-04-18,19:00:00,10,10,2999.0,2018,4,18,Wednesday
BRP,Strokeskills 7pm -8pm,2018-04-25,19:00:00,10,9,2999.0,2018,4,25,Wednesday
BRP,Strokeskills 7pm -8pm,2018-05-02,19:00:00,10,10,2999.0,2018,5,2,Wednesday
BRP,Strokeskills 7pm -8pm,2018-05-09,19:00:00,10,10,2999.0,2018,5,9,Wednesday
BRP,Strokeskills 7pm -8pm,2018-05-16,19:00:00,10,10,2999.0,2018,5,16,Wednesday
BRP,Strokeskills 7pm -8pm,2018-05-23,19:00:00,10,9,2999.0,2018,5,23,Wednesday
BRP,Strokeskills 7pm -8pm,2018-05-30,19:00:00,10,8,2999.0,2018,5,30,Wednesday
HXP,Studio Cyc 1.10 - 2.00pm,2018-04-06,13:10:00,27,27,1999.0,2018,4,6,Friday
HXP,Studio Cyc 1.10 - 2.00pm,2018-04-13,13:10:00,27,27,1999.0,2018,4,13,Friday
HXP,Studio Cyc 1.10 - 2.00pm,2018-04-20,13:10:00,27,20,1999.0,2018,4,20,Friday
HXP,Studio Cyc 1.10 - 2.00pm,2018-04-27,13:10:00,27,25,1999.0,2018,4,27,Friday
HXP,Studio Cyc 1.10 - 2.00pm,2018-05-04,13:10:00,27,25,1999.0,2018,5,4,Friday
HXP,Studio Cyc 1.10 - 2.00pm,2018-05-11,13:10:00,27,26,1999.0,2018,5,11,Friday
HXP,Studio Cyc 1.10 - 2.00pm,2018-05-18,13:10:00,27,23,1999.0,2018,5,18,Friday
HXP,Studio Cyc 1.10 - 2.00pm,2018-05-25,13:10:00,27,24,1999.0,2018,5,25,Friday
HXP,Studio Cyc 10.00 -10.50am,2018-04-01,10:00:00,27,20,1999.0,2018,4,1,Sunday
HXP,Studio Cyc 10.00 -10.50am,2018-04-08,10:00:00,27,26,1999.0,2018,4,8,Sunday
HXP,Studio Cyc 10.00 -10.50am,2018-04-15,10:00:00,27,24,1999.0,2018,4,15,Sunday
HXP,Studio Cyc 10.00 -10.50am,2018-04-22,10:00:00,27,21,1999.0,2018,4,22,Sunday
HXP,Studio Cyc 10.00 -10.50am,2018-04-29,10:00:00,27,22,1999.0,2018,4,29,Sunday
HXP,Studio Cyc 10.00 -10.50am,2018-05-06,10:00:00,27,17,1999.0,2018,5,6,Sunday
HXP,Studio Cyc 10.00 -10.50am,2018-05-13,10:00:00,27,22,1999.0,2018,5,13,Sunday
HXP,Studio Cyc 10.00 -10.50am,2018-05-20,10:00:00,27,25,1999.0,2018,5,20,Sunday
HXP,Studio Cyc 10.00 -10.50am,2018-05-27,10:00:00,27,22,1999.0,2018,5,27,Sunday
HXP,Studio Cyc 10.00-10.50am,2018-04-05,10:00:00,27,24,1999.0,2018,4,5,Thursday
HXP,Studio Cyc 10.00-10.50am,2018-04-12,10:00:00,27,25,1999.0,2018,4,12,Thursday
HXP,Studio Cyc 10.00-10.50am,2018-04-19,10:00:00,27,24,1999.0,2018,4,19,Thursday
HXP,Studio Cyc 10.00-10.50am,2018-04-26,10:00:00,27,22,1999.0,2018,4,26,Thursday
HXP,Studio Cyc 10.00-10.50am,2018-05-03,10:00:00,27,27,1999.0,2018,5,3,Thursday
HXP,Studio Cyc 10.00-10.50am,2018-05-10,10:00:00,27,27,1999.0,2018,5,10,Thursday
HXP,Studio Cyc 10.00-10.50am,2018-05-17,10:00:00,27,26,1999.0,2018,5,17,Thursday
HXP,Studio Cyc 10.00-10.50am,2018-05-24,10:00:00,27,23,1999.0,2018,5,24,Thursday
HXP,Studio Cyc 10.00-10.50am,2018-05-31,10:00:00,27,25,1999.0,2018,5,31,Thursday
HXP,Studio Cyc 11.30 - 12.20,2018-04-02,11:30:00,27,18,1999.0,2018,4,2,Monday
HXP,Studio Cyc 11.30 - 12.20,2018-04-09,11:30:00,27,23,1999.0,2018,4,9,Monday
HXP,Studio Cyc 11.30 - 12.20,2018-04-16,11:30:00,27,22,1999.0,2018,4,16,Monday
HXP,Studio Cyc 11.30 - 12.20,2018-04-23,11:30:00,27,20,1999.0,2018,4,23,Monday
HXP,Studio Cyc 11.30 - 12.20,2018-04-30,11:30:00,27,27,1999.0,2018,4,30,Monday
HXP,Studio Cyc 11.30 - 12.20,2018-05-07,11:30:00,27,22,1999.0,2018,5,7,Monday
HXP,Studio Cyc 11.30 - 12.20,2018-05-14,11:30:00,27,18,1999.0,2018,5,14,Monday
HXP,Studio Cyc 11.30 - 12.20,2018-05-21,11:30:00,27,18,1999.0,2018,5,21,Monday
HXP,Studio Cyc 11.30 - 12.20,2018-05-28,11:30:00,27,17,1999.0,2018,5,28,Monday
HXP,Studio Cyc 12.10-1.00pm,2018-04-04,12:10:00,27,18,1999.0,2018,4,4,Wednesday
HXP,Studio Cyc 12.10-1.00pm,2018-04-11,12:10:00,27,23,1999.0,2018,4,11,Wednesday
HXP,Studio Cyc 12.10-1.00pm,2018-04-18,12:10:00,27,26,1999.0,2018,4,18,Wednesday
HXP,Studio Cyc 12.10-1.00pm,2018-04-25,12:10:00,27,19,1999.0,2018,4,25,Wednesday
HXP,Studio Cyc 12.10-1.00pm,2018-05-02,12:10:00,27,21,1999.0,2018,5,2,Wednesday
HXP,Studio Cyc 12.10-1.00pm,2018-05-09,12:10:00,27,20,1999.0,2018,5,9,Wednesday
HXP,Studio Cyc 12.10-1.00pm,2018-05-16,12:10:00,27,16,1999.0,2018,5,16,Wednesday
HXP,Studio Cyc 12.10-1.00pm,2018-05-23,12:10:00,27,17,1999.0,2018,5,23,Wednesday
HXP,Studio Cyc 12.10-1.00pm,2018-05-30,12:10:00,27,15,1999.0,2018,5,30,Wednesday
HXP,Studio Cyc 12.30-1.20pm,2018-04-02,12:30:00,27,17,1999.0,2018,4,2,Monday
HXP,Studio Cyc 12.30-1.20pm,2018-04-09,12:30:00,27,17,1999.0,2018,4,9,Monday
HXP,Studio Cyc 12.30-1.20pm,2018-04-16,12:30:00,27,19,1999.0,2018,4,16,Monday
HXP,Studio Cyc 12.30-1.20pm,2018-04-23,12:30:00,27,17,1999.0,2018,4,23,Monday
HXP,Studio Cyc 12.30-1.20pm,2018-04-30,12:30:00,27,9,1999.0,2018,4,30,Monday
HXP,Studio Cyc 12.30-1.20pm,2018-05-07,12:30:00,27,12,1999.0,2018,5,7,Monday
HXP,Studio Cyc 12.30-1.20pm,2018-05-14,12:30:00,27,12,1999.0,2018,5,14,Monday
HXP,Studio Cyc 12.30-1.20pm,2018-05-21,12:30:00,27,14,1999.0,2018,5,21,Monday
HXP,Studio Cyc 12.30-1.20pm,2018-05-28,12:30:00,27,14,1999.0,2018,5,28,Monday
HXP,Studio Cyc 4.20-5.10pm,2018-04-04,16:20:00,27,27,1999.0,2018,4,4,Wednesday
HXP,Studio Cyc 4.20-5.10pm,2018-04-11,16:20:00,27,27,1999.0,2018,4,11,Wednesday
HXP,Studio Cyc 4.20-5.10pm,2018-04-18,16:20:00,27,26,1999.0,2018,4,18,Wednesday
HXP,Studio Cyc 4.20-5.10pm,2018-04-25,16:20:00,27,24,1999.0,2018,4,25,Wednesday
HXP,Studio Cyc 4.20-5.10pm,2018-05-02,16:20:00,27,21,1999.0,2018,5,2,Wednesday
HXP,Studio Cyc 4.20-5.10pm,2018-05-09,16:20:00,27,24,1999.0,2018,5,9,Wednesday
HXP,Studio Cyc 4.20-5.10pm,2018-05-16,16:20:00,27,21,1999.0,2018,5,16,Wednesday
HXP,Studio Cyc 4.20-5.10pm,2018-05-23,16:20:00,27,14,1999.0,2018,5,23,Wednesday
HXP,Studio Cyc 4.20-5.10pm,2018-05-30,16:20:00,27,13,1999.0,2018,5,30,Wednesday
HXP,Studio Cyc 5.00-5.50pm,2018-04-03,17:00:00,27,25,1999.0,2018,4,3,Tuesday
HXP,Studio Cyc 5.00-5.50pm,2018-04-05,17:00:00,27,16,1999.0,2018,4,5,Thursday
HXP,Studio Cyc 5.00-5.50pm,2018-04-10,17:00:00,27,22,1999.0,2018,4,10,Tuesday
HXP,Studio Cyc 5.00-5.50pm,2018-04-12,17:00:00,27,14,1999.0,2018,4,12,Thursday
HXP,Studio Cyc 5.00-5.50pm,2018-04-17,17:00:00,27,26,1999.0,2018,4,17,Tuesday
HXP,Studio Cyc 5.00-5.50pm,2018-04-19,17:00:00,27,14,1999.0,2018,4,19,Thursday
HXP,Studio Cyc 5.00-5.50pm,2018-04-24,17:00:00,27,25,1999.0,2018,4,24,Tuesday
HXP,Studio Cyc 5.00-5.50pm,2018-04-26,17:00:00,27,14,1999.0,2018,4,26,Thursday
HXP,Studio Cyc 5.00-5.50pm,2018-05-01,17:00:00,27,27,1999.0,2018,5,1,Tuesday
HXP,Studio Cyc 5.00-5.50pm,2018-05-03,17:00:00,27,18,1999.0,2018,5,3,Thursday
HXP,Studio Cyc 5.00-5.50pm,2018-05-08,17:00:00,27,26,1999.0,2018,5,8,Tuesday
HXP,Studio Cyc 5.00-5.50pm,2018-05-10,17:00:00,27,20,1999.0,2018,5,10,Thursday
HXP,Studio Cyc 5.00-5.50pm,2018-05-15,17:00:00,27,24,1999.0,2018,5,15,Tuesday
HXP,Studio Cyc 5.00-5.50pm,2018-05-17,17:00:00,27,15,1999.0,2018,5,17,Thursday
HXP,Studio Cyc 5.00-5.50pm,2018-05-22,17:00:00,27,26,1999.0,2018,5,22,Tuesday
HXP,Studio Cyc 5.00-5.50pm,2018-05-24,17:00:00,27,19,1999.0,2018,5,24,Thursday
HXP,Studio Cyc 5.00-5.50pm,2018-05-29,17:00:00,27,26,1999.0,2018,5,29,Tuesday
HXP,Studio Cyc 5.00-5.50pm,2018-05-31,17:00:00,27,12,1999.0,2018,5,31,Thursday
HXP,Studio Cyc 5.10-6.00pm,2018-04-06,17:10:00,27,20,1999.0,2018,4,6,Friday
HXP,Studio Cyc 5.10-6.00pm,2018-04-13,17:10:00,27,22,1999.0,2018,4,13,Friday
HXP,Studio Cyc 5.10-6.00pm,2018-04-20,17:10:00,27,23,1999.0,2018,4,20,Friday
HXP,Studio Cyc 5.10-6.00pm,2018-04-27,17:10:00,27,23,1999.0,2018,4,27,Friday
HXP,Studio Cyc 5.10-6.00pm,2018-05-04,17:10:00,27,21,1999.0,2018,5,4,Friday
HXP,Studio Cyc 5.10-6.00pm,2018-05-11,17:10:00,27,25,1999.0,2018,5,11,Friday
HXP,Studio Cyc 5.10-6.00pm,2018-05-18,17:10:00,27,16,1999.0,2018,5,18,Friday
HXP,Studio Cyc 5.10-6.00pm,2018-05-25,17:10:00,27,21,1999.0,2018,5,25,Friday
HXP,Studio Cyc 5.20-6.10pm,2018-04-04,17:20:00,27,18,1999.0,2018,4,4,Wednesday
HXP,Studio Cyc 5.20-6.10pm,2018-04-09,17:20:00,27,25,1999.0,2018,4,9,Monday
HXP,Studio Cyc 5.20-6.10pm,2018-04-11,17:20:00,27,25,1999.0,2018,4,11,Wednesday
HXP,Studio Cyc 5.20-6.10pm,2018-04-16,17:20:00,27,27,1999.0,2018,4,16,Monday
HXP,Studio Cyc 5.20-6.10pm,2018-04-18,17:20:00,27,25,1999.0,2018,4,18,Wednesday
HXP,Studio Cyc 5.20-6.10pm,2018-04-23,17:20:00,27,26,1999.0,2018,4,23,Monday
HXP,Studio Cyc 5.20-6.10pm,2018-04-25,17:20:00,27,25,1999.0,2018,4,25,Wednesday
HXP,Studio Cyc 5.20-6.10pm,2018-04-30,17:20:00,27,22,1999.0,2018,4,30,Monday
HXP,Studio Cyc 5.20-6.10pm,2018-05-02,17:20:00,27,22,1999.0,2018,5,2,Wednesday
HXP,Studio Cyc 5.20-6.10pm,2018-05-09,17:20:00,27,22,1999.0,2018,5,9,Wednesday
HXP,Studio Cyc 5.20-6.10pm,2018-05-14,17:20:00,27,24,1999.0,2018,5,14,Monday
HXP,Studio Cyc 5.20-6.10pm,2018-05-16,17:20:00,27,27,1999.0,2018,5,16,Wednesday
HXP,Studio Cyc 5.20-6.10pm,2018-05-21,17:20:00,27,23,1999.0,2018,5,21,Monday
HXP,Studio Cyc 5.20-6.10pm,2018-05-23,17:20:00,27,19,1999.0,2018,5,23,Wednesday
HXP,Studio Cyc 5.20-6.10pm,2018-05-30,17:20:00,27,24,1999.0,2018,5,30,Wednesday
HXP,Studio Cyc 5.55-6.45pm,2018-04-05,17:55:00,27,18,1999.0,2018,4,5,Thursday
HXP,Studio Cyc 5.55-6.45pm,2018-04-12,17:55:00,27,21,1999.0,2018,4,12,Thursday
HXP,Studio Cyc 5.55-6.45pm,2018-04-19,17:55:00,27,19,1999.0,2018,4,19,Thursday
HXP,Studio Cyc 5.55-6.45pm,2018-04-26,17:55:00,27,20,1999.0,2018,4,26,Thursday
HXP,Studio Cyc 5.55-6.45pm,2018-05-03,17:55:00,27,18,1999.0,2018,5,3,Thursday
HXP,Studio Cyc 5.55-6.45pm,2018-05-10,17:55:00,27,24,1999.0,2018,5,10,Thursday
HXP,Studio Cyc 5.55-6.45pm,2018-05-17,17:55:00,27,22,1999.0,2018,5,17,Thursday
HXP,Studio Cyc 5.55-6.45pm,2018-05-24,17:55:00,27,22,1999.0,2018,5,24,Thursday
HXP,Studio Cyc 5.55-6.45pm,2018-05-31,17:55:00,27,23,1999.0,2018,5,31,Thursday
HXP,Studio Cyc 6.10-7.00pm,2018-04-06,18:10:00,27,20,1999.0,2018,4,6,Friday
HXP,Studio Cyc 6.10-7.00pm,2018-04-13,18:10:00,27,23,1999.0,2018,4,13,Friday
HXP,Studio Cyc 6.10-7.00pm,2018-04-20,18:10:00,27,23,1999.0,2018,4,20,Friday
HXP,Studio Cyc 6.10-7.00pm,2018-04-27,18:10:00,27,17,1999.0,2018,4,27,Friday
HXP,Studio Cyc 6.10-7.00pm,2018-05-04,18:10:00,27,20,1999.0,2018,5,4,Friday
HXP,Studio Cyc 6.10-7.00pm,2018-05-11,18:10:00,27,25,1999.0,2018,5,11,Friday
HXP,Studio Cyc 6.10-7.00pm,2018-05-18,18:10:00,27,22,1999.0,2018,5,18,Friday
HXP,Studio Cyc 6.10-7.00pm,2018-05-25,18:10:00,27,12,1999.0,2018,5,25,Friday
HXP,Studio Cyc 6.15-7.05pm,2018-04-09,18:15:00,27,24,1999.0,2018,4,9,Monday
HXP,Studio Cyc 6.15-7.05pm,2018-04-16,18:15:00,27,26,1999.0,2018,4,16,Monday
HXP,Studio Cyc 6.15-7.05pm,2018-04-23,18:15:00,27,22,1999.0,2018,4,23,Monday
HXP,Studio Cyc 6.15-7.05pm,2018-04-30,18:15:00,27,27,1999.0,2018,4,30,Monday
HXP,Studio Cyc 6.15-7.05pm,2018-05-14,18:15:00,27,26,1999.0,2018,5,14,Monday
HXP,Studio Cyc 6.15-7.05pm,2018-05-21,18:15:00,27,26,1999.0,2018,5,21,Monday
HXP,Studio Cyc 7.00-7.50pm,2018-04-05,19:00:00,27,23,1999.0,2018,4,5,Thursday
HXP,Studio Cyc 7.00-7.50pm,2018-04-12,19:00:00,27,19,1999.0,2018,4,12,Thursday
HXP,Studio Cyc 7.00-7.50pm,2018-04-19,19:00:00,27,27,1999.0,2018,4,19,Thursday
HXP,Studio Cyc 7.00-7.50pm,2018-04-26,19:00:00,27,27,1999.0,2018,4,26,Thursday
HXP,Studio Cyc 7.00-7.50pm,2018-05-03,19:00:00,27,27,1999.0,2018,5,3,Thursday
HXP,Studio Cyc 7.00-7.50pm,2018-05-10,19:00:00,27,27,1999.0,2018,5,10,Thursday
HXP,Studio Cyc 7.00-7.50pm,2018-05-17,19:00:00,27,25,1999.0,2018,5,17,Thursday
HXP,Studio Cyc 7.00-7.50pm,2018-05-24,19:00:00,27,25,1999.0,2018,5,24,Thursday
HXP,Studio Cyc 7.00-7.50pm,2018-05-31,19:00:00,27,21,1999.0,2018,5,31,Thursday
HXP,Studio Cyc 7.05-7.55am,2018-04-02,7:05:00,27,16,1999.0,2018,4,2,Monday
HXP,Studio Cyc 7.05-7.55am,2018-04-04,7:05:00,27,20,1999.0,2018,4,4,Wednesday
HXP,Studio Cyc 7.05-7.55am,2018-04-09,7:05:00,27,20,1999.0,2018,4,9,Monday
HXP,Studio Cyc 7.05-7.55am,2018-04-11,7:05:00,27,18,1999.0,2018,4,11,Wednesday
HXP,Studio Cyc 7.05-7.55am,2018-04-16,7:05:00,27,16,1999.0,2018,4,16,Monday
HXP,Studio Cyc 7.05-7.55am,2018-04-18,7:05:00,27,21,1999.0,2018,4,18,Wednesday
HXP,Studio Cyc 7.05-7.55am,2018-04-23,7:05:00,27,19,1999.0,2018,4,23,Monday
HXP,Studio Cyc 7.05-7.55am,2018-04-25,7:05:00,27,19,1999.0,2018,4,25,Wednesday
HXP,Studio Cyc 7.05-7.55am,2018-04-30,7:05:00,27,17,1999.0,2018,4,30,Monday
HXP,Studio Cyc 7.05-7.55am,2018-05-02,7:05:00,27,15,1999.0,2018,5,2,Wednesday
HXP,Studio Cyc 7.05-7.55am,2018-05-07,7:05:00,27,12,1999.0,2018,5,7,Monday
HXP,Studio Cyc 7.05-7.55am,2018-05-09,7:05:00,27,8,1999.0,2018,5,9,Wednesday
HXP,Studio Cyc 7.05-7.55am,2018-05-14,7:05:00,27,11,1999.0,2018,5,14,Monday
HXP,Studio Cyc 7.05-7.55am,2018-05-16,7:05:00,27,12,1999.0,2018,5,16,Wednesday
HXP,Studio Cyc 7.05-7.55am,2018-05-21,7:05:00,27,13,1999.0,2018,5,21,Monday
HXP,Studio Cyc 7.05-7.55am,2018-05-23,7:05:00,27,12,1999.0,2018,5,23,Wednesday
HXP,Studio Cyc 7.05-7.55am,2018-05-28,7:05:00,27,14,1999.0,2018,5,28,Monday
HXP,Studio Cyc 7.05-7.55am,2018-05-30,7:05:00,27,20,1999.0,2018,5,30,Wednesday
HXP,Studio Cyc 7.30-8.20pm,2018-04-03,19:30:00,27,27,1999.0,2018,4,3,Tuesday
HXP,Studio Cyc 7.30-8.20pm,2018-04-10,19:30:00,27,26,1999.0,2018,4,10,Tuesday
HXP,Studio Cyc 7.30-8.20pm,2018-04-17,19:30:00,27,27,1999.0,2018,4,17,Tuesday
HXP,Studio Cyc 7.30-8.20pm,2018-04-24,19:30:00,27,27,1999.0,2018,4,24,Tuesday
HXP,Studio Cyc 7.30-8.20pm,2018-05-01,19:30:00,27,23,1999.0,2018,5,1,Tuesday
HXP,Studio Cyc 7.30-8.20pm,2018-05-08,19:30:00,27,23,1999.0,2018,5,8,Tuesday
HXP,Studio Cyc 7.30-8.20pm,2018-05-15,19:30:00,27,24,1999.0,2018,5,15,Tuesday
HXP,Studio Cyc 7.30-8.20pm,2018-05-22,19:30:00,27,22,1999.0,2018,5,22,Tuesday
HXP,Studio Cyc 7.30-8.20pm,2018-05-29,19:30:00,27,21,1999.0,2018,5,29,Tuesday
HXP,Studio Cyc 8.00-8.50am,2018-04-07,8:00:00,27,27,1999.0,2018,4,7,Saturday
HXP,Studio Cyc 8.00-8.50am,2018-04-14,8:00:00,27,27,1999.0,2018,4,14,Saturday
HXP,Studio Cyc 8.00-8.50am,2018-04-21,8:00:00,27,25,1999.0,2018,4,21,Saturday
HXP,Studio Cyc 8.00-8.50am,2018-04-28,8:00:00,27,26,1999.0,2018,4,28,Saturday
HXP,Studio Cyc 8.00-8.50am,2018-05-05,8:00:00,27,23,1999.0,2018,5,5,Saturday
HXP,Studio Cyc 8.00-8.50am,2018-05-12,8:00:00,27,25,1999.0,2018,5,12,Saturday
HXP,Studio Cyc 8.00-8.50am,2018-05-19,8:00:00,27,26,1999.0,2018,5,19,Saturday
HXP,Studio Cyc 8.00-8.50am,2018-05-26,8:00:00,27,23,1999.0,2018,5,26,Saturday
HXP,Studio Cyc 8.00-8.50pm,2018-04-05,20:00:00,27,20,1999.0,2018,4,5,Thursday
HXP,Studio Cyc 8.00-8.50pm,2018-04-12,20:00:00,27,25,1999.0,2018,4,12,Thursday
HXP,Studio Cyc 8.00-8.50pm,2018-04-19,20:00:00,27,25,1999.0,2018,4,19,Thursday
HXP,Studio Cyc 8.00-8.50pm,2018-04-26,20:00:00,27,26,1999.0,2018,4,26,Thursday
HXP,Studio Cyc 8.00-8.50pm,2018-05-03,20:00:00,27,26,1999.0,2018,5,3,Thursday
HXP,Studio Cyc 8.00-8.50pm,2018-05-10,20:00:00,27,24,1999.0,2018,5,10,Thursday
HXP,Studio Cyc 8.00-8.50pm,2018-05-17,20:00:00,27,24,1999.0,2018,5,17,Thursday
HXP,Studio Cyc 8.00-8.50pm,2018-05-24,20:00:00,27,20,1999.0,2018,5,24,Thursday
HXP,Studio Cyc 8.00-8.50pm,2018-05-31,20:00:00,27,18,1999.0,2018,5,31,Thursday
HXP,Studio Cyc 8.50-9.40am,2018-04-07,8:50:00,27,27,1999.0,2018,4,7,Saturday
HXP,Studio Cyc 8.50-9.40am,2018-04-14,8:50:00,27,26,1999.0,2018,4,14,Saturday
HXP,Studio Cyc 8.50-9.40am,2018-04-21,8:50:00,27,25,1999.0,2018,4,21,Saturday
HXP,Studio Cyc 8.50-9.40am,2018-04-28,8:50:00,27,25,1999.0,2018,4,28,Saturday
HXP,Studio Cyc 8.50-9.40am,2018-05-05,8:50:00,27,26,1999.0,2018,5,5,Saturday
HXP,Studio Cyc 8.50-9.40am,2018-05-12,8:50:00,27,23,1999.0,2018,5,12,Saturday
HXP,Studio Cyc 8.50-9.40am,2018-05-19,8:50:00,27,20,1999.0,2018,5,19,Saturday
HXP,Studio Cyc 8.50-9.40am,2018-05-26,8:50:00,27,21,1999.0,2018,5,26,Saturday
HXP,Studio Cyc 9.05-9.55am,2018-04-01,9:05:00,27,27,1999.0,2018,4,1,Sunday
HXP,Studio Cyc 9.05-9.55am,2018-04-08,9:05:00,27,24,1999.0,2018,4,8,Sunday
HXP,Studio Cyc 9.05-9.55am,2018-04-15,9:05:00,27,25,1999.0,2018,4,15,Sunday
HXP,Studio Cyc 9.05-9.55am,2018-04-22,9:05:00,27,24,1999.0,2018,4,22,Sunday
HXP,Studio Cyc 9.05-9.55am,2018-04-29,9:05:00,27,21,1999.0,2018,4,29,Sunday
HXP,Studio Cyc 9.05-9.55am,2018-05-06,9:05:00,27,18,1999.0,2018,5,6,Sunday
HXP,Studio Cyc 9.05-9.55am,2018-05-13,9:05:00,27,19,1999.0,2018,5,13,Sunday
HXP,Studio Cyc 9.05-9.55am,2018-05-20,9:05:00,27,27,1999.0,2018,5,20,Sunday
HXP,Studio Cyc 9.05-9.55am,2018-05-27,9:05:00,27,23,1999.0,2018,5,27,Sunday
HXP,Studio Cycling 7.05 -7.55,2018-04-03,7:05:00,27,12,1999.0,2018,4,3,Tuesday
HXP,Studio Cycling 7.05 -7.55,2018-04-10,7:05:00,27,24,1999.0,2018,4,10,Tuesday
HXP,Studio Cycling 7.05 -7.55,2018-04-17,7:05:00,27,16,1999.0,2018,4,17,Tuesday
HXP,Studio Cycling 7.05 -7.55,2018-04-24,7:05:00,27,12,1999.0,2018,4,24,Tuesday
HXP,Studio Cycling 7.05 -7.55,2018-05-01,7:05:00,27,12,1999.0,2018,5,1,Tuesday
HXP,Studio Cycling 7.05 -7.55,2018-05-08,7:05:00,27,11,1999.0,2018,5,8,Tuesday
HXP,Studio Cycling 7.05 -7.55,2018-05-15,7:05:00,27,9,1999.0,2018,5,15,Tuesday
HXP,Studio Cycling 7.05 -7.55,2018-05-22,7:05:00,27,9,1999.0,2018,5,22,Tuesday
HXP,Studio Cycling 7.05 -7.55,2018-05-29,7:05:00,27,17,1999.0,2018,5,29,Tuesday
TSC,Swim Fit-20.15-21.15pm,2018-04-05,20:15:00,18,10,1499.0,2018,4,5,Thursday
TSC,Swim Fit-20.15-21.15pm,2018-04-12,20:15:00,18,6,1499.0,2018,4,12,Thursday
TSC,Swim Fit-20.15-21.15pm,2018-04-19,20:15:00,18,8,1499.0,2018,4,19,Thursday
TSC,Swim Fit-20.15-21.15pm,2018-04-26,20:15:00,18,13,1499.0,2018,4,26,Thursday
TSC,Swim Fit-20.15-21.15pm,2018-05-03,20:15:00,18,12,1499.0,2018,5,3,Thursday
TSC,Swim Fit-20.15-21.15pm,2018-05-10,20:15:00,18,11,1499.0,2018,5,10,Thursday
TSC,Swim Fit-20.15-21.15pm,2018-05-17,20:15:00,18,1,1499.0,2018,5,17,Thursday
TSC,Swim Fit-20.15-21.15pm,2018-05-24,20:15:00,18,11,1499.0,2018,5,24,Thursday
TSC,Swim Fit-20.15-21.15pm,2018-05-31,20:15:00,18,8,1499.0,2018,5,31,Thursday
SBP,Swimfit  7am - 8am,2018-04-07,7:30:00,29,22,1499.0,2018,4,7,Saturday
SBP,Swimfit  7am - 8am,2018-04-14,7:30:00,29,22,1499.0,2018,4,14,Saturday
SBP,Swimfit  7am - 8am,2018-04-21,7:30:00,29,20,1499.0,2018,4,21,Saturday
SBP,Swimfit  7am - 8am,2018-04-28,7:30:00,29,29,1499.0,2018,4,28,Saturday
SBP,Swimfit  7am - 8am,2018-05-05,7:30:00,29,24,1499.0,2018,5,5,Saturday
SBP,Swimfit  7am - 8am,2018-05-12,7:30:00,29,20,1499.0,2018,5,12,Saturday
SBP,Swimfit  7am - 8am,2018-05-19,7:30:00,29,18,1499.0,2018,5,19,Saturday
SBP,Swimfit  7am - 8am,2018-05-26,7:30:00,29,18,1499.0,2018,5,26,Saturday
BRP,Swimfit  8pm - 9pm,2018-04-04,20:00:00,10,8,1499.0,2018,4,4,Wednesday
BRP,Swimfit  8pm - 9pm,2018-04-11,20:00:00,10,8,1499.0,2018,4,11,Wednesday
BRP,Swimfit  8pm - 9pm,2018-04-18,20:00:00,10,10,1499.0,2018,4,18,Wednesday
BRP,Swimfit  8pm - 9pm,2018-04-25,20:00:00,10,9,1499.0,2018,4,25,Wednesday
BRP,Swimfit  8pm - 9pm,2018-05-02,20:00:00,10,10,1499.0,2018,5,2,Wednesday
BRP,Swimfit  8pm - 9pm,2018-05-09,20:00:00,10,10,1499.0,2018,5,9,Wednesday
BRP,Swimfit  8pm - 9pm,2018-05-16,20:00:00,10,10,1499.0,2018,5,16,Wednesday
BRP,Swimfit  8pm - 9pm,2018-05-23,20:00:00,10,8,1499.0,2018,5,23,Wednesday
BRP,Swimfit  8pm - 9pm,2018-05-30,20:00:00,10,10,1499.0,2018,5,30,Wednesday
HXP,Swimfit 6.30 -7.30pm,2018-04-09,18:30:00,15,9,1499.0,2018,4,9,Monday
HXP,Swimfit 6.30 -7.30pm,2018-04-16,18:30:00,15,11,1499.0,2018,4,16,Monday
HXP,Swimfit 6.30 -7.30pm,2018-04-23,18:30:00,15,15,1499.0,2018,4,23,Monday
HXP,Swimfit 6.30 -7.30pm,2018-04-30,18:30:00,15,11,1499.0,2018,4,30,Monday
HXP,Swimfit 6.30 -7.30pm,2018-05-14,18:30:00,15,7,1499.0,2018,5,14,Monday
HXP,Swimfit 6.30 -7.30pm,2018-05-21,18:30:00,15,15,1499.0,2018,5,21,Monday
HXP,Swimfit 6.30-7.30am,2018-04-09,6:30:00,15,11,1499.0,2018,4,9,Monday
HXP,Swimfit 6.30-7.30am,2018-04-16,6:30:00,15,15,1499.0,2018,4,16,Monday
HXP,Swimfit 6.30-7.30am,2018-04-23,6:30:00,15,15,1499.0,2018,4,23,Monday
HXP,Swimfit 6.30-7.30am,2018-04-30,6:30:00,15,11,1499.0,2018,4,30,Monday
HXP,Swimfit 6.30-7.30am,2018-05-14,6:30:00,15,13,1499.0,2018,5,14,Monday
HXP,Swimfit 6.30-7.30am,2018-05-21,6:30:00,15,13,1499.0,2018,5,21,Monday
HXP,Swimfit 6.30am -7.30am,2018-04-04,6:30:00,15,15,1499.0,2018,4,4,Wednesday
HXP,Swimfit 6.30am -7.30am,2018-04-11,6:30:00,15,14,1499.0,2018,4,11,Wednesday
HXP,Swimfit 6.30am -7.30am,2018-04-18,6:30:00,15,15,1499.0,2018,4,18,Wednesday
HXP,Swimfit 6.30am -7.30am,2018-04-25,6:30:00,15,15,1499.0,2018,4,25,Wednesday
HXP,Swimfit 6.30am -7.30am,2018-05-02,6:30:00,15,13,1499.0,2018,5,2,Wednesday
HXP,Swimfit 6.30am -7.30am,2018-05-09,6:30:00,15,14,1499.0,2018,5,9,Wednesday
HXP,Swimfit 6.30am -7.30am,2018-05-16,6:30:00,15,13,1499.0,2018,5,16,Wednesday
HXP,Swimfit 6.30am -7.30am,2018-05-23,6:30:00,15,11,1499.0,2018,5,23,Wednesday
HXP,Swimfit 6.30am -7.30am,2018-05-30,6:30:00,15,14,1499.0,2018,5,30,Wednesday
BRP,Swimfit 7am-8am,2018-04-03,7:00:00,15,9,1499.0,2018,4,3,Tuesday
BRP,Swimfit 7am-8am,2018-04-10,7:00:00,15,9,1499.0,2018,4,10,Tuesday
BRP,Swimfit 7am-8am,2018-04-17,7:00:00,15,7,1499.0,2018,4,17,Tuesday
BRP,Swimfit 7am-8am,2018-04-24,7:00:00,15,6,1499.0,2018,4,24,Tuesday
BRP,Swimfit 7am-8am,2018-05-01,7:00:00,15,7,1499.0,2018,5,1,Tuesday
BRP,Swimfit 7am-8am,2018-05-08,7:00:00,15,7,1499.0,2018,5,8,Tuesday
BRP,Swimfit 7am-8am,2018-05-15,7:00:00,15,8,1499.0,2018,5,15,Tuesday
BRP,Swimfit 7am-8am,2018-05-22,7:00:00,15,8,1499.0,2018,5,22,Tuesday
BRP,Swimfit 7am-8am,2018-05-29,7:00:00,15,7,1499.0,2018,5,29,Tuesday
HXP,Swimfit 7pm - 8pm,2018-04-04,19:00:00,15,11,1499.0,2018,4,4,Wednesday
HXP,Swimfit 7pm - 8pm,2018-04-06,19:00:00,15,9,1499.0,2018,4,6,Friday
HXP,Swimfit 7pm - 8pm,2018-04-11,19:00:00,15,10,1499.0,2018,4,11,Wednesday
HXP,Swimfit 7pm - 8pm,2018-04-13,19:00:00,15,12,1499.0,2018,4,13,Friday
HXP,Swimfit 7pm - 8pm,2018-04-18,19:00:00,15,9,1499.0,2018,4,18,Wednesday
HXP,Swimfit 7pm - 8pm,2018-04-20,19:00:00,15,10,1499.0,2018,4,20,Friday
HXP,Swimfit 7pm - 8pm,2018-04-25,19:00:00,15,10,1499.0,2018,4,25,Wednesday
HXP,Swimfit 7pm - 8pm,2018-04-27,19:00:00,15,14,1499.0,2018,4,27,Friday
HXP,Swimfit 7pm - 8pm,2018-05-02,19:00:00,15,12,1499.0,2018,5,2,Wednesday
HXP,Swimfit 7pm - 8pm,2018-05-04,19:00:00,15,15,1499.0,2018,5,4,Friday
HXP,Swimfit 7pm - 8pm,2018-05-09,19:00:00,15,11,1499.0,2018,5,9,Wednesday
HXP,Swimfit 7pm - 8pm,2018-05-11,19:00:00,15,14,1499.0,2018,5,11,Friday
HXP,Swimfit 7pm - 8pm,2018-05-16,19:00:00,15,10,1499.0,2018,5,16,Wednesday
HXP,Swimfit 7pm - 8pm,2018-05-18,19:00:00,15,15,1499.0,2018,5,18,Friday
HXP,Swimfit 7pm - 8pm,2018-05-23,19:00:00,15,10,1499.0,2018,5,23,Wednesday
HXP,Swimfit 7pm - 8pm,2018-05-25,19:00:00,15,14,1499.0,2018,5,25,Friday
NBL,Tai Chi 2.00-3.00pm,2018-04-09,14:00:00,60,10,3999.0,2018,4,9,Monday
NBL,Tai Chi 2.00-3.00pm,2018-04-16,14:00:00,60,19,3999.0,2018,4,16,Monday
NBL,Tai Chi 2.00-3.00pm,2018-04-23,14:00:00,60,18,3999.0,2018,4,23,Monday
NBL,Tai Chi 2.00-3.00pm,2018-04-30,14:00:00,60,19,3999.0,2018,4,30,Monday
NBL,Tai Chi 2.00-3.00pm,2018-05-14,14:00:00,60,21,3999.0,2018,5,14,Monday
NBL,Tai Chi 2.00-3.00pm,2018-05-21,14:00:00,60,19,3999.0,2018,5,21,Monday
HXP,Tai-Chi  12 -1pm,2018-04-05,12:00:00,25,9,3999.0,2018,4,5,Thursday
HXP,Tai-Chi  12 -1pm,2018-04-12,12:00:00,25,10,3999.0,2018,4,12,Thursday
HXP,Tai-Chi  12 -1pm,2018-04-19,12:00:00,25,6,3999.0,2018,4,19,Thursday
HXP,Tai-Chi  12 -1pm,2018-04-26,12:00:00,25,7,3999.0,2018,4,26,Thursday
HXP,Tai-Chi  12 -1pm,2018-05-03,12:00:00,25,10,3999.0,2018,5,3,Thursday
HXP,Tai-Chi  12 -1pm,2018-05-10,12:00:00,25,9,3999.0,2018,5,10,Thursday
HXP,Tai-Chi  12 -1pm,2018-05-17,12:00:00,25,11,3999.0,2018,5,17,Thursday
HXP,Tai-Chi  12 -1pm,2018-05-24,12:00:00,25,12,3999.0,2018,5,24,Thursday
HXP,Tai-Chi  12 -1pm,2018-05-31,12:00:00,25,13,3999.0,2018,5,31,Thursday
NBL,Tap Dancing 11.15-12.15pm,2018-04-04,11:15:00,60,13,1999.0,2018,4,4,Wednesday
NBL,Tap Dancing 11.15-12.15pm,2018-04-11,11:15:00,60,14,1999.0,2018,4,11,Wednesday
NBL,Tap Dancing 11.15-12.15pm,2018-04-18,11:15:00,60,14,1999.0,2018,4,18,Wednesday
NBL,Tap Dancing 11.15-12.15pm,2018-04-25,11:15:00,60,9,1999.0,2018,4,25,Wednesday
NBL,Tap Dancing 11.15-12.15pm,2018-05-09,11:15:00,60,14,1999.0,2018,5,9,Wednesday
NBL,Tap Dancing 11.15-12.15pm,2018-05-16,11:15:00,60,13,1999.0,2018,5,16,Wednesday
NBL,Tap Dancing 11.15-12.15pm,2018-05-23,11:15:00,60,12,1999.0,2018,5,23,Wednesday
NBL,Tap Dancing 12-1.30pm,2018-05-21,12:00:00,60,11,1999.0,2018,5,21,Monday
NBL,Tap Dancing 12.00-1.30pm,2018-04-09,12:00:00,60,7,1999.0,2018,4,9,Monday
NBL,Tap Dancing 12.00-1.30pm,2018-04-16,12:00:00,60,15,1999.0,2018,4,16,Monday
NBL,Tap Dancing 12.00-1.30pm,2018-04-23,12:00:00,60,11,1999.0,2018,4,23,Monday
NBL,Tap Dancing 12.00-1.30pm,2018-05-14,12:00:00,60,14,1999.0,2018,5,14,Monday
TSC,Yoga 1.45-2.45pm,2018-04-02,13:45:00,24,4,1999.0,2018,4,2,Monday
TSC,Yoga 1.45-2.45pm,2018-04-09,13:45:00,24,4,1999.0,2018,4,9,Monday
TSC,Yoga 1.45-2.45pm,2018-04-16,13:45:00,24,8,1999.0,2018,4,16,Monday
TSC,Yoga 1.45-2.45pm,2018-04-23,13:45:00,24,8,1999.0,2018,4,23,Monday
TSC,Yoga 1.45-2.45pm,2018-04-30,13:45:00,24,13,1999.0,2018,4,30,Monday
TSC,Yoga 1.45-2.45pm,2018-05-07,13:45:00,24,4,1999.0,2018,5,7,Monday
TSC,Yoga 1.45-2.45pm,2018-05-14,13:45:00,24,2,1999.0,2018,5,14,Monday
TSC,Yoga 1.45-2.45pm,2018-05-21,13:45:00,24,9,1999.0,2018,5,21,Monday
TSC,Yoga 1.45-2.45pm,2018-05-28,13:45:00,24,4,1999.0,2018,5,28,Monday
TSC,Yoga 10.30-11.30am,2018-04-04,10:30:00,24,21,1999.0,2018,4,4,Wednesday
TSC,Yoga 10.30-11.30am,2018-04-06,10:30:00,24,22,1999.0,2018,4,6,Friday
TSC,Yoga 10.30-11.30am,2018-04-11,10:30:00,24,23,1999.0,2018,4,11,Wednesday
TSC,Yoga 10.30-11.30am,2018-04-13,10:30:00,24,23,1999.0,2018,4,13,Friday
TSC,Yoga 10.30-11.30am,2018-04-18,10:30:00,24,23,1999.0,2018,4,18,Wednesday
TSC,Yoga 10.30-11.30am,2018-04-20,10:30:00,24,21,1999.0,2018,4,20,Friday
TSC,Yoga 10.30-11.30am,2018-04-25,10:30:00,24,24,1999.0,2018,4,25,Wednesday
TSC,Yoga 10.30-11.30am,2018-04-27,10:30:00,24,24,1999.0,2018,4,27,Friday
TSC,Yoga 10.30-11.30am,2018-05-02,10:30:00,24,24,1999.0,2018,5,2,Wednesday
TSC,Yoga 10.30-11.30am,2018-05-04,10:30:00,24,24,1999.0,2018,5,4,Friday
TSC,Yoga 10.30-11.30am,2018-05-09,10:30:00,24,24,1999.0,2018,5,9,Wednesday
TSC,Yoga 10.30-11.30am,2018-05-11,10:30:00,24,23,1999.0,2018,5,11,Friday
TSC,Yoga 10.30-11.30am,2018-05-16,10:30:00,24,24,1999.0,2018,5,16,Wednesday
TSC,Yoga 10.30-11.30am,2018-05-18,10:30:00,24,24,1999.0,2018,5,18,Friday
TSC,Yoga 10.30-11.30am,2018-05-23,10:30:00,24,24,1999.0,2018,5,23,Wednesday
TSC,Yoga 10.30-11.30am,2018-05-25,10:30:00,24,24,1999.0,2018,5,25,Friday
TSC,Yoga 10.30-11.30am,2018-05-30,10:30:00,24,22,1999.0,2018,5,30,Wednesday
TSC,Yoga 12.45-1.45pm,2018-04-02,12:45:00,24,8,1999.0,2018,4,2,Monday
TSC,Yoga 12.45-1.45pm,2018-04-09,12:45:00,24,12,1999.0,2018,4,9,Monday
TSC,Yoga 12.45-1.45pm,2018-04-16,12:45:00,24,10,1999.0,2018,4,16,Monday
TSC,Yoga 12.45-1.45pm,2018-04-23,12:45:00,24,8,1999.0,2018,4,23,Monday
TSC,Yoga 12.45-1.45pm,2018-04-30,12:45:00,24,7,1999.0,2018,4,30,Monday
TSC,Yoga 12.45-1.45pm,2018-05-07,12:45:00,24,6,1999.0,2018,5,7,Monday
TSC,Yoga 12.45-1.45pm,2018-05-14,12:45:00,24,9,1999.0,2018,5,14,Monday
TSC,Yoga 12.45-1.45pm,2018-05-21,12:45:00,24,9,1999.0,2018,5,21,Monday
TSC,Yoga 12.45-1.45pm,2018-05-28,12:45:00,24,11,1999.0,2018,5,28,Monday
BRP,Yogalates  6.30-7.30pm,2018-04-04,18:30:00,35,29,2999.0,2018,4,4,Wednesday
BRP,Yogalates  6.30-7.30pm,2018-04-11,18:30:00,35,31,2999.0,2018,4,11,Wednesday
BRP,Yogalates  6.30-7.30pm,2018-04-18,18:30:00,35,30,2999.0,2018,4,18,Wednesday
BRP,Yogalates  6.30-7.30pm,2018-04-25,18:30:00,35,35,2999.0,2018,4,25,Wednesday
BRP,Yogalates  6.30-7.30pm,2018-05-02,18:30:00,35,31,2999.0,2018,5,2,Wednesday
BRP,Yogalates  6.30-7.30pm,2018-05-09,18:30:00,35,19,2999.0,2018,5,9,Wednesday
BRP,Yogalates  6.30-7.30pm,2018-05-16,18:30:00,35,20,2999.0,2018,5,16,Wednesday
TSC,Yogalates 10.00-11.00am,2018-04-05,10:00:00,24,9,2999.0,2018,4,5,Thursday
TSC,Yogalates 10.00-11.00am,2018-04-12,10:00:00,24,13,2999.0,2018,4,12,Thursday
TSC,Yogalates 10.00-11.00am,2018-04-19,10:00:00,24,11,2999.0,2018,4,19,Thursday
TSC,Yogalates 10.00-11.00am,2018-04-26,10:00:00,24,8,2999.0,2018,4,26,Thursday
TSC,Yogalates 10.00-11.00am,2018-05-03,10:00:00,24,11,2999.0,2018,5,3,Thursday
TSC,Yogalates 10.00-11.00am,2018-05-10,10:00:00,24,12,2999.0,2018,5,10,Thursday
TSC,Yogalates 10.00-11.00am,2018-05-17,10:00:00,24,11,2999.0,2018,5,17,Thursday
TSC,Yogalates 10.00-11.00am,2018-05-24,10:00:00,24,13,2999.0,2018,5,24,Thursday
TSC,Yogalates 10.00-11.00am,2018-05-31,10:00:00,24,17,2999.0,2018,5,31,Thursday
TSC,Yogalates 10.30-11.30am,2018-04-02,10:30:00,24,10,2999.0,2018,4,2,Monday
TSC,Yogalates 10.30-11.30am,2018-04-09,10:30:00,24,13,2999.0,2018,4,9,Monday
TSC,Yogalates 10.30-11.30am,2018-04-16,10:30:00,24,13,2999.0,2018,4,16,Monday
TSC,Yogalates 10.30-11.30am,2018-04-23,10:30:00,24,10,2999.0,2018,4,23,Monday
TSC,Yogalates 10.30-11.30am,2018-04-30,10:30:00,24,11,2999.0,2018,4,30,Monday
TSC,Yogalates 10.30-11.30am,2018-05-07,10:30:00,24,9,2999.0,2018,5,7,Monday
TSC,Yogalates 10.30-11.30am,2018-05-14,10:30:00,24,11,2999.0,2018,5,14,Monday
TSC,Yogalates 10.30-11.30am,2018-05-21,10:30:00,24,14,2999.0,2018,5,21,Monday
TSC,Yogalates 10.30-11.30am,2018-05-28,10:30:00,24,8,2999.0,2018,5,28,Monday
BRP,Yogalates 10.30am,2018-04-06,10:30:00,35,32,2999.0,2018,4,6,Friday
BRP,Yogalates 10.30am,2018-04-13,10:30:00,35,31,2999.0,2018,4,13,Friday
BRP,Yogalates 10.30am,2018-04-20,10:30:00,35,29,2999.0,2018,4,20,Friday
BRP,Yogalates 10.30am,2018-04-27,10:30:00,35,25,2999.0,2018,4,27,Friday
BRP,Yogalates 10.30am,2018-05-04,10:30:00,35,25,2999.0,2018,5,4,Friday
BRP,Yogalates 10.30am,2018-05-11,10:30:00,35,23,2999.0,2018,5,11,Friday
BRP,Yogalates 10.30am,2018-05-18,10:30:00,35,20,2999.0,2018,5,18,Friday
BRP,Yogalates 10.30am,2018-05-25,10:30:00,35,24,2999.0,2018,5,25,Friday
BRP,Yogalates 11.00-12.00,2018-04-05,11:00:00,35,16,2999.0,2018,4,5,Thursday
BRP,Yogalates 11.00-12.00,2018-04-12,11:00:00,35,9,2999.0,2018,4,12,Thursday
BRP,Yogalates 11.00-12.00,2018-04-19,11:00:00,35,13,2999.0,2018,4,19,Thursday
BRP,Yogalates 11.00-12.00,2018-04-26,11:00:00,35,16,2999.0,2018,4,26,Thursday
BRP,Yogalates 11.00-12.00,2018-05-03,11:00:00,35,21,2999.0,2018,5,3,Thursday
BRP,Yogalates 11.00-12.00,2018-05-10,11:00:00,35,14,2999.0,2018,5,10,Thursday
BRP,Yogalates 11.00-12.00,2018-05-31,11:00:00,35,11,2999.0,2018,5,31,Thursday
BRP,Yogalates 7.00-8.00pm,2018-04-05,19:00:00,35,33,2999.0,2018,4,5,Thursday
BRP,Yogalates 7.00-8.00pm,2018-04-12,19:00:00,35,31,2999.0,2018,4,12,Thursday
BRP,Yogalates 7.00-8.00pm,2018-04-19,19:00:00,35,29,2999.0,2018,4,19,Thursday
BRP,Yogalates 7.00-8.00pm,2018-04-26,19:00:00,35,30,2999.0,2018,4,26,Thursday
BRP,Yogalates 7.00-8.00pm,2018-05-03,19:00:00,35,31,2999.0,2018,5,3,Thursday
BRP,Yogalates 7.00-8.00pm,2018-05-10,19:00:00,35,27,2999.0,2018,5,10,Thursday
BRP,Yogalates 7.00-8.00pm,2018-05-17,19:00:00,35,28,2999.0,2018,5,17,Thursday
BRP,Yogalates 7.00-8.00pm,2018-05-24,19:00:00,35,33,2999.0,2018,5,24,Thursday
BRP,Yogalates 7.00-8.00pm,2018-05-31,19:00:00,35,33,2999.0,2018,5,31,Thursday
TSC,Yogalates 7.45-8.30pm,2018-04-03,19:30:00,24,18,2999.0,2018,4,3,Tuesday
TSC,Yogalates 7.45-8.30pm,2018-04-10,19:30:00,24,17,2999.0,2018,4,10,Tuesday
TSC,Yogalates 7.45-8.30pm,2018-04-17,19:30:00,24,20,2999.0,2018,4,17,Tuesday
TSC,Yogalates 7.45-8.30pm,2018-04-24,19:30:00,24,17,2999.0,2018,4,24,Tuesday
TSC,Yogalates 7.45-8.30pm,2018-05-01,19:30:00,24,18,2999.0,2018,5,1,Tuesday
TSC,Yogalates 7.45-8.30pm,2018-05-08,19:30:00,24,15,2999.0,2018,5,8,Tuesday
TSC,Yogalates 7.45-8.30pm,2018-05-15,19:30:00,24,15,2999.0,2018,5,15,Tuesday
TSC,Yogalates 7.45-8.30pm,2018-05-22,19:30:00,24,14,2999.0,2018,5,22,Tuesday
TSC,Yogalates 7.45-8.30pm,2018-05-29,19:30:00,24,15,2999.0,2018,5,29,Tuesday
BRP,Zumba,2018-04-03,17:30:00,35,25,1299.0,2018,4,3,Tuesday
BRP,Zumba,2018-04-10,17:30:00,35,27,1299.0,2018,4,10,Tuesday
BRP,Zumba,2018-04-17,17:30:00,35,31,1299.0,2018,4,17,Tuesday
BRP,Zumba,2018-04-24,17:30:00,35,33,1299.0,2018,4,24,Tuesday
BRP,Zumba,2018-05-01,17:30:00,35,31,1299.0,2018,5,1,Tuesday
BRP,Zumba,2018-05-08,17:30:00,35,24,1299.0,2018,5,8,Tuesday
BRP,Zumba,2018-05-15,17:30:00,35,28,1299.0,2018,5,15,Tuesday
BRP,Zumba,2018-05-22,17:30:00,35,28,1299.0,2018,5,22,Tuesday
BRP,Zumba,2018-05-29,17:30:00,35,27,1299.0,2018,5,29,Tuesday
TSC,Zumba  6.30-7.30pm,2018-04-09,18:30:00,18,13,1299.0,2018,4,9,Monday
TSC,Zumba  6.30-7.30pm,2018-04-16,18:30:00,18,15,1299.0,2018,4,16,Monday
TSC,Zumba  6.30-7.30pm,2018-04-23,18:30:00,18,11,1299.0,2018,4,23,Monday
TSC,Zumba  6.30-7.30pm,2018-04-30,18:30:00,18,12,1299.0,2018,4,30,Monday
TSC,Zumba  6.30-7.30pm,2018-05-14,18:30:00,18,13,1299.0,2018,5,14,Monday
TSC,Zumba  6.30-7.30pm,2018-05-21,18:30:00,18,5,1299.0,2018,5,21,Monday
TSC,Zumba - 6-7pm,2018-04-26,18:00:00,50,17,1299.0,2018,4,26,Thursday
TSC,Zumba - 6-7pm,2018-05-03,18:00:00,50,14,1299.0,2018,5,3,Thursday
TSC,Zumba - 6-7pm,2018-05-10,18:00:00,50,15,1299.0,2018,5,10,Thursday
TSC,Zumba - 6-7pm,2018-05-17,18:00:00,50,1,1299.0,2018,5,17,Thursday
TSC,Zumba - 6-7pm,2018-05-31,18:00:00,50,13,1299.0,2018,5,31,Thursday
HXP,Zumba 10.00-10.50.Am,2018-04-07,10:00:00,25,25,1299.0,2018,4,7,Saturday
HXP,Zumba 10.00-10.50.Am,2018-04-14,10:00:00,25,14,1299.0,2018,4,14,Saturday
HXP,Zumba 10.00-10.50.Am,2018-04-21,10:00:00,25,20,1299.0,2018,4,21,Saturday
HXP,Zumba 10.00-10.50.Am,2018-04-28,10:00:00,25,24,1299.0,2018,4,28,Saturday
HXP,Zumba 10.00-10.50.Am,2018-05-05,10:00:00,25,23,1299.0,2018,5,5,Saturday
HXP,Zumba 10.00-10.50.Am,2018-05-12,10:00:00,25,25,1299.0,2018,5,12,Saturday
HXP,Zumba 10.00-10.50.Am,2018-05-19,10:00:00,25,19,1299.0,2018,5,19,Saturday
HXP,Zumba 10.00-10.50.Am,2018-05-26,10:00:00,25,17,1299.0,2018,5,26,Saturday
BRP,Zumba 12.45-1.45pm,2018-04-04,12:45:00,35,17,1299.0,2018,4,4,Wednesday
BRP,Zumba 12.45-1.45pm,2018-04-11,12:45:00,35,14,1299.0,2018,4,11,Wednesday
BRP,Zumba 12.45-1.45pm,2018-04-25,12:45:00,35,19,1299.0,2018,4,25,Wednesday
BRP,Zumba 12.45-1.45pm,2018-05-02,12:45:00,35,18,1299.0,2018,5,2,Wednesday
BRP,Zumba 12.45-1.45pm,2018-05-09,12:45:00,35,14,1299.0,2018,5,9,Wednesday
BRP,Zumba 12.45-1.45pm,2018-05-16,12:45:00,35,12,1299.0,2018,5,16,Wednesday
BRP,Zumba 12.45-1.45pm,2018-05-23,12:45:00,35,12,1299.0,2018,5,23,Wednesday
BRP,Zumba 12.45-1.45pm,2018-05-30,12:45:00,35,15,1299.0,2018,5,30,Wednesday
TSC,Zumba 6.00 - 7.00pm,2018-04-12,18:00:00,35,14,1299.0,2018,4,12,Thursday
TSC,Zumba 6.00 - 7.00pm,2018-04-19,18:00:00,35,8,1299.0,2018,4,19,Thursday
HXP,Zumba 6.15-7.15pm,2018-04-03,18:15:00,25,25,1299.0,2018,4,3,Tuesday
HXP,Zumba 6.15-7.15pm,2018-04-10,18:15:00,25,24,1299.0,2018,4,10,Tuesday
HXP,Zumba 6.15-7.15pm,2018-04-17,18:15:00,25,26,1299.0,2018,4,17,Tuesday
HXP,Zumba 6.15-7.15pm,2018-04-24,18:15:00,25,25,1299.0,2018,4,24,Tuesday
HXP,Zumba 6.15-7.15pm,2018-05-01,18:15:00,25,25,1299.0,2018,5,1,Tuesday
HXP,Zumba 6.15-7.15pm,2018-05-08,18:15:00,25,25,1299.0,2018,5,8,Tuesday
HXP,Zumba 6.15-7.15pm,2018-05-15,18:15:00,25,25,1299.0,2018,5,15,Tuesday
HXP,Zumba 6.15-7.15pm,2018-05-22,18:15:00,25,25,1299.0,2018,5,22,Tuesday
HXP,Zumba 6.15-7.15pm,2018-05-29,18:15:00,25,23,1299.0,2018,5,29,Tuesday
NBL,Zumba 9.30-10.30am,2018-04-01,9:30:00,60,27,1299.0,2018,4,1,Sunday
NBL,Zumba 9.30-10.30am,2018-04-08,9:30:00,60,24,1299.0,2018,4,8,Sunday
NBL,Zumba 9.30-10.30am,2018-04-15,9:30:00,60,38,1299.0,2018,4,15,Sunday
NBL,Zumba 9.30-10.30am,2018-04-22,9:30:00,60,25,1299.0,2018,4,22,Sunday
NBL,Zumba 9.30-10.30am,2018-04-29,9:30:00,60,27,1299.0,2018,4,29,Sunday
NBL,Zumba 9.30-10.30am,2018-05-06,9:30:00,60,20,1299.0,2018,5,6,Sunday
NBL,Zumba 9.30-10.30am,2018-05-13,9:30:00,60,35,1299.0,2018,5,13,Sunday
NBL,Zumba 9.30-10.30am,2018-05-20,9:30:00,60,21,1299.0,2018,5,20,Sunday
NBL,Zumba 9.30-10.30am,2018-05-27,9:30:00,60,23,1299.0,2018,5,27,Sunday
NBL,Zumba Gold 1.45-2.45pm,2018-04-05,13:45:00,60,20,1999.0,2018,4,5,Thursday
NBL,Zumba Gold 1.45-2.45pm,2018-04-12,13:45:00,60,26,1999.0,2018,4,12,Thursday
NBL,Zumba Gold 1.45-2.45pm,2018-04-19,13:45:00,60,10,1999.0,2018,4,19,Thursday
NBL,Zumba Gold 1.45-2.45pm,2018-04-26,13:45:00,60,34,1999.0,2018,4,26,Thursday
NBL,Zumba Gold 1.45-2.45pm,2018-05-03,13:45:00,60,17,1999.0,2018,5,3,Thursday
NBL,Zumba Gold 1.45-2.45pm,2018-05-10,13:45:00,60,25,1999.0,2018,5,10,Thursday
NBL,Zumba Gold 1.45-2.45pm,2018-05-17,13:45:00,60,17,1999.0,2018,5,17,Thursday
NBL,Zumba Gold 1.45-2.45pm,2018-05-24,13:45:00,60,17,1999.0,2018,5,24,Thursday
NBL,Zumba Gold 1.45-2.45pm,2018-05-31,13:45:00,60,23,1999.0,2018,5,31,Thursday
NBL,Zumba Gold 12.45-1.45pm,2018-04-03,12:45:00,60,43,1999.0,2018,4,3,Tuesday
NBL,Zumba Gold 12.45-1.45pm,2018-04-10,12:45:00,60,41,1999.0,2018,4,10,Tuesday
NBL,Zumba Gold 12.45-1.45pm,2018-04-17,12:45:00,60,45,1999.0,2018,4,17,Tuesday
NBL,Zumba Gold 12.45-1.45pm,2018-04-24,12:45:00,60,39,1999.0,2018,4,24,Tuesday
NBL,Zumba Gold 12.45-1.45pm,2018-05-01,12:45:00,60,47,1999.0,2018,5,1,Tuesday
NBL,Zumba Gold 12.45-1.45pm,2018-05-08,12:45:00,60,42,1999.0,2018,5,8,Tuesday
NBL,Zumba Gold 12.45-1.45pm,2018-05-15,12:45:00,60,38,1999.0,2018,5,15,Tuesday
NBL,Zumba Gold 12.45-1.45pm,2018-05-22,12:45:00,60,39,1999.0,2018,5,22,Tuesday
NBL,Zumba Gold 12.45-1.45pm,2018-05-29,12:45:00,60,41,1999.0,2018,5,29,Tuesday
BRP,20:20:20  9.30-10.30am,2018-06-01,9:30:00,35,28,499.0,2018,6,1,Friday
BRP,20:20:20  9.30-10.30am,2018-06-08,9:30:00,35,35,499.0,2018,6,8,Friday
BRP,20:20:20  9.30-10.30am,2018-06-15,9:30:00,35,31,499.0,2018,6,15,Friday
BRP,20:20:20  9.30-10.30am,2018-06-22,9:30:00,35,32,499.0,2018,6,22,Friday
BRP,20:20:20  9.30-10.30am,2018-06-29,9:30:00,35,19,499.0,2018,6,29,Friday
BRP,20:20:20  10-11 Am,2018-06-05,10:00:00,35,25,499.0,2018,6,5,Tuesday
BRP,20:20:20  10-11 Am,2018-06-12,10:00:00,35,23,499.0,2018,6,12,Tuesday
BRP,20:20:20  10-11 Am,2018-06-19,10:00:00,35,21,499.0,2018,6,19,Tuesday
BRP,20:20:20  10-11 Am,2018-06-26,10:00:00,35,18,499.0,2018,6,26,Tuesday
BRP,20:20:20  10.00-11.00am,2018-06-14,10:00:00,35,19,499.0,2018,6,14,Thursday
BRP,20:20:20  10.00-11.00am,2018-06-21,10:00:00,35,22,499.0,2018,6,21,Thursday
BRP,20:20:20  10.00-11.00am,2018-06-28,10:00:00,35,18,499.0,2018,6,28,Thursday
BRP,Aerobics,2018-06-05,19:30:00,35,24,799.0,2018,6,5,Tuesday
BRP,Aerobics,2018-06-12,19:30:00,35,25,799.0,2018,6,12,Tuesday
BRP,Aerobics,2018-06-19,19:30:00,35,19,799.0,2018,6,19,Tuesday
BRP,Aerobics,2018-06-26,19:30:00,35,15,799.0,2018,6,26,Tuesday
BRP,Aerobics 6.00-7.00pm,2018-06-04,18:00:00,35,35,799.0,2018,6,4,Monday
BRP,Aerobics 6.00-7.00pm,2018-06-11,18:00:00,35,32,799.0,2018,6,11,Monday
BRP,Aerobics 6.00-7.00pm,2018-06-18,18:00:00,35,31,799.0,2018,6,18,Monday
BRP,Aerobics 6.00-7.00pm,2018-06-25,18:00:00,35,24,799.0,2018,6,25,Monday
BRP,Aqua Fit 2.45 -3.45pm,2018-06-06,14:45:00,35,16,999.0,2018,6,6,Wednesday
BRP,Aqua Fit 14.45pm,2018-06-13,14:30:00,35,25,999.0,2018,6,13,Wednesday
BRP,Aqua Fit 14.45pm,2018-06-20,14:30:00,35,27,999.0,2018,6,20,Wednesday
BRP,Aqua Fit 14.45pm,2018-06-27,14:30:00,35,18,999.0,2018,6,27,Wednesday
BRP,Aqua Tots 10 -10.30am,2018-06-02,10:00:00,10,6,1499.0,2018,6,2,Saturday
BRP,Aqua Tots 10 -10.30am,2018-06-09,10:00:00,10,8,1499.0,2018,6,9,Saturday
BRP,Aqua Tots 10 -10.30am,2018-06-16,10:00:00,10,10,1499.0,2018,6,16,Saturday
BRP,Aqua Tots 10 -10.30am,2018-06-23,10:00:00,10,10,1499.0,2018,6,23,Saturday
BRP,Aqua Tots 10 -10.30am,2018-06-30,10:00:00,10,7,1499.0,2018,6,30,Saturday
BRP,Aqua Tots 11.00-11.30am,2018-06-06,11:00:00,10,3,1499.0,2018,6,6,Wednesday
BRP,Aqua Tots 11.00-11.30am,2018-06-13,11:00:00,10,6,1499.0,2018,6,13,Wednesday
BRP,Aqua Tots 11.00-11.30am,2018-06-20,11:00:00,10,7,1499.0,2018,6,20,Wednesday
BRP,Aqua Tots 11.00-11.30am,2018-06-27,11:00:00,10,9,1499.0,2018,6,27,Wednesday
BRP,Aquababies 10.00 -10.30am,2018-06-04,10:00:00,10,5,1499.0,2018,6,4,Monday
BRP,Aquababies 10.00 -10.30am,2018-06-11,10:00:00,10,9,1499.0,2018,6,11,Monday
BRP,Aquababies 10.00 -10.30am,2018-06-18,10:00:00,10,7,1499.0,2018,6,18,Monday
BRP,Aquababies 10.00 -10.30am,2018-06-25,10:00:00,10,6,1499.0,2018,6,25,Monday
BRP,Aquababies 10.30-11.00am,2018-06-06,10:30:00,10,5,1499.0,2018,6,6,Wednesday
BRP,Aquababies 10.30-11.00am,2018-06-13,10:30:00,10,6,1499.0,2018,6,13,Wednesday
BRP,Aquababies 10.30-11.00am,2018-06-20,10:30:00,10,3,1499.0,2018,6,20,Wednesday
BRP,Aquababies 10.30-11.00am,2018-06-27,10:30:00,10,5,1499.0,2018,6,27,Wednesday
BRP,Aquafit  6.00-7.00pm,2018-06-07,18:00:00,35,32,999.0,2018,6,7,Thursday
BRP,Aquafit  6.00-7.00pm,2018-06-14,18:00:00,35,33,999.0,2018,6,14,Thursday
BRP,Aquafit  6.00-7.00pm,2018-06-21,18:00:00,35,34,999.0,2018,6,21,Thursday
BRP,Aquafit  6.00-7.00pm,2018-06-28,18:00:00,35,31,999.0,2018,6,28,Thursday
BRP,Aquafit 7.00-8.00pm,2018-06-05,19:00:00,35,30,999.0,2018,6,5,Tuesday
BRP,Aquafit 7.00-8.00pm,2018-06-12,19:00:00,35,28,999.0,2018,6,12,Tuesday
BRP,Aquafit 7.00-8.00pm,2018-06-19,19:00:00,35,29,999.0,2018,6,19,Tuesday
BRP,Aquafit 7.00-8.00pm,2018-06-26,19:00:00,35,34,999.0,2018,6,26,Tuesday
BRP,Aquafit 11.00-12.00 Noon,2018-06-01,11:00:00,35,30,999.0,2018,6,1,Friday
BRP,Aquafit 11.00-12.00 Noon,2018-06-08,11:00:00,35,27,999.0,2018,6,8,Friday
BRP,Aquafit 11.00-12.00 Noon,2018-06-15,11:00:00,35,34,999.0,2018,6,15,Friday
BRP,Aquafit 11.00-12.00 Noon,2018-06-22,11:00:00,35,34,999.0,2018,6,22,Friday
BRP,Aquafit 11.00-12.00 Noon,2018-06-29,11:00:00,35,32,999.0,2018,6,29,Friday
BRP,Aquafit 11am - 12,2018-06-04,11:00:00,35,35,999.0,2018,6,4,Monday
BRP,Aquafit 11am - 12,2018-06-11,11:00:00,35,32,999.0,2018,6,11,Monday
BRP,Aquafit 11am - 12,2018-06-18,11:00:00,35,34,999.0,2018,6,18,Monday
BRP,Aquafit 11am - 12,2018-06-25,11:00:00,35,32,999.0,2018,6,25,Monday
BRP,Aquatots 10.30-11am,2018-06-04,10:30:00,10,4,1499.0,2018,6,4,Monday
BRP,Aquatots 10.30-11am,2018-06-11,10:30:00,10,6,1499.0,2018,6,11,Monday
BRP,Aquatots 10.30-11am,2018-06-18,10:30:00,10,6,1499.0,2018,6,18,Monday
BRP,Aquatots 10.30-11am,2018-06-25,10:30:00,10,7,1499.0,2018,6,25,Monday
BRP,Aquatots/baby 11.30-12.00,2018-06-06,11:30:00,10,6,1499.0,2018,6,6,Wednesday
BRP,Aquatots/baby 11.30-12.00,2018-06-13,11:30:00,10,3,1499.0,2018,6,13,Wednesday
BRP,Aquatots/baby 11.30-12.00,2018-06-20,11:30:00,10,2,1499.0,2018,6,20,Wednesday
BRP,Aquatots/baby 11.30-12.00,2018-06-27,11:30:00,10,4,1499.0,2018,6,27,Wednesday
BRP,Blt Weigh Manage,2018-06-14,12:30:00,30,3,1499.0,2018,6,14,Thursday
BRP,Bodsculp Aero 10.30-11.30,2018-06-06,10:30:00,35,8,1999.0,2018,6,6,Wednesday
BRP,Bodsculp Aero 10.30-11.30,2018-06-13,10:30:00,35,9,1999.0,2018,6,13,Wednesday
BRP,Bodsculp Aero 10.30-11.30,2018-06-20,10:30:00,35,7,1999.0,2018,6,20,Wednesday
BRP,Bodsculp Aero 10.30-11.30,2018-06-27,10:30:00,35,9,1999.0,2018,6,27,Wednesday
BRP,Body Attack 5.00-6.00pm,2018-06-04,17:00:00,35,32,1999.0,2018,6,4,Monday
BRP,Body Attack 5.00-6.00pm,2018-06-11,17:00:00,35,30,1999.0,2018,6,11,Monday
BRP,Body Attack 5.00-6.00pm,2018-06-18,17:00:00,35,34,1999.0,2018,6,18,Monday
BRP,Body Attack 5.00-6.00pm,2018-06-25,17:00:00,35,23,1999.0,2018,6,25,Monday
BRP,Body Attack 5.30 -6.30pm,2018-06-06,17:30:00,35,32,1999.0,2018,6,6,Wednesday
BRP,Body Attack 5.30 -6.30pm,2018-06-13,17:30:00,35,27,1999.0,2018,6,13,Wednesday
BRP,Body Attack 5.30 -6.30pm,2018-06-20,17:30:00,35,33,1999.0,2018,6,20,Wednesday
BRP,Body Attack 5.30 -6.30pm,2018-06-27,17:30:00,35,27,1999.0,2018,6,27,Wednesday
BRP,Body Attack 8.00-9.00pm,2018-06-07,20:00:00,35,28,1999.0,2018,6,7,Thursday
BRP,Body Attack 8.00-9.00pm,2018-06-14,20:00:00,35,31,1999.0,2018,6,14,Thursday
BRP,Body Attack 8.00-9.00pm,2018-06-21,20:00:00,35,25,1999.0,2018,6,21,Thursday
BRP,Body Attack 8.00-9.00pm,2018-06-28,20:00:00,35,19,1999.0,2018,6,28,Thursday
BRP,Body Attack 9-10 Am,2018-06-30,9:00:00,35,21,1999.0,2018,6,30,Saturday
BRP,Body Attack 10.00-11.00am,2018-06-11,10:00:00,35,7,1999.0,2018,6,11,Monday
BRP,Body Attack 10.00-11.00am,2018-06-18,10:00:00,35,19,1999.0,2018,6,18,Monday
BRP,Body Attack 10.00-11.00am,2018-06-25,10:00:00,35,29,1999.0,2018,6,25,Monday
BRP,Body Combat 5-6pm,2018-06-01,17:00:00,35,29,1499.0,2018,6,1,Friday
BRP,Body Combat 5-6pm,2018-06-08,17:00:00,35,29,1499.0,2018,6,8,Friday
BRP,Body Combat 5-6pm,2018-06-15,17:00:00,35,33,1499.0,2018,6,15,Friday
BRP,Body Combat 5-6pm,2018-06-22,17:00:00,35,27,1499.0,2018,6,22,Friday
BRP,Body Combat 5-6pm,2018-06-29,17:00:00,35,22,1499.0,2018,6,29,Friday
BRP,Body Combat 6.00-7.00pm,2018-06-07,18:00:00,35,27,1499.0,2018,6,7,Thursday
BRP,Body Combat 6.00-7.00pm,2018-06-14,18:00:00,35,34,1499.0,2018,6,14,Thursday
BRP,Body Combat 6.00-7.00pm,2018-06-21,18:00:00,35,28,1499.0,2018,6,21,Thursday
BRP,Body Combat 6.00-7.00pm,2018-06-28,18:00:00,35,29,1499.0,2018,6,28,Thursday
BRP,Body Combat 7.00-8.00am,2018-06-04,7:00:00,35,10,1499.0,2018,6,4,Monday
BRP,Body Combat 7.00-8.00am,2018-06-11,7:00:00,35,13,1499.0,2018,6,11,Monday
BRP,Body Combat 7.00-8.00am,2018-06-18,7:00:00,35,14,1499.0,2018,6,18,Monday
BRP,Body Combat 7.00-8.00am,2018-06-25,7:00:00,35,7,1499.0,2018,6,25,Monday
BRP,Body Combat 7.00-8.00pm,2018-06-04,19:00:00,35,35,1499.0,2018,6,4,Monday
BRP,Body Combat 7.00-8.00pm,2018-06-11,19:00:00,35,35,1499.0,2018,6,11,Monday
BRP,Body Combat 7.00-8.00pm,2018-06-18,19:00:00,35,34,1499.0,2018,6,18,Monday
BRP,Body Combat 7.00-8.00pm,2018-06-25,19:00:00,35,32,1499.0,2018,6,25,Monday
BRP,Body Combat 9-10am,2018-06-03,9:00:00,35,30,1499.0,2018,6,3,Sunday
BRP,Body Combat 9-10am,2018-06-10,9:00:00,35,25,1499.0,2018,6,10,Sunday
BRP,Body Combat 9-10am,2018-06-17,9:00:00,35,28,1499.0,2018,6,17,Sunday
BRP,Body Combat 9-10am,2018-06-24,9:00:00,35,24,1499.0,2018,6,24,Sunday
BRP,Body Combat 10-11am,2018-06-02,10:00:00,35,22,1499.0,2018,6,2,Saturday
BRP,Body Combat 10-11am,2018-06-09,10:00:00,35,33,1499.0,2018,6,9,Saturday
BRP,Body Combat 10-11am,2018-06-16,10:00:00,35,28,1499.0,2018,6,16,Saturday
BRP,Body Combat 10-11am,2018-06-23,10:00:00,35,32,1499.0,2018,6,23,Saturday
BRP,Body Combat 10-11am,2018-06-30,10:00:00,35,29,1499.0,2018,6,30,Saturday
BRP,Body Con 4.30-5.30pm,2018-06-06,16:30:00,35,21,1299.0,2018,6,6,Wednesday
BRP,Body Con 4.30-5.30pm,2018-06-13,16:30:00,35,18,1299.0,2018,6,13,Wednesday
BRP,Body Con 4.30-5.30pm,2018-06-20,16:30:00,35,20,1299.0,2018,6,20,Wednesday
BRP,Body Con 4.30-5.30pm,2018-06-27,16:30:00,35,15,1299.0,2018,6,27,Wednesday
BRP,Body Con 9.00-10.00am,2018-06-02,9:00:00,35,32,1299.0,2018,6,2,Saturday
BRP,Body Con 9.00-10.00am,2018-06-09,9:00:00,35,30,1299.0,2018,6,9,Saturday
BRP,Body Con 9.00-10.00am,2018-06-16,9:00:00,35,31,1299.0,2018,6,16,Saturday
BRP,Body Con 9.00-10.00am,2018-06-23,9:00:00,35,18,1299.0,2018,6,23,Saturday
BRP,Body Cond 8.00-9.00pm,2018-06-04,20:00:00,35,31,1299.0,2018,6,4,Monday
BRP,Body Cond 8.00-9.00pm,2018-06-11,20:00:00,35,31,1299.0,2018,6,11,Monday
BRP,Body Cond 8.00-9.00pm,2018-06-18,20:00:00,35,22,1299.0,2018,6,18,Monday
BRP,Body Cond 8.00-9.00pm,2018-06-25,20:00:00,35,29,1299.0,2018,6,25,Monday
BRP,Body Cond 11-12,2018-06-02,11:00:00,35,13,1299.0,2018,6,2,Saturday
BRP,Body Cond 11-12,2018-06-09,11:00:00,35,18,1299.0,2018,6,9,Saturday
BRP,Body Cond 11-12,2018-06-16,11:00:00,35,15,1299.0,2018,6,16,Saturday
BRP,Body Cond 11-12,2018-06-23,11:00:00,35,21,1299.0,2018,6,23,Saturday
BRP,Body Cond 11-12,2018-06-30,11:00:00,35,23,1299.0,2018,6,30,Saturday
BRP,Body Cond  11-12noon,2018-06-11,11:00:00,35,10,1299.0,2018,6,11,Monday
BRP,Body Cond  11-12noon,2018-06-18,11:00:00,35,16,1299.0,2018,6,18,Monday
BRP,Body Cond  11-12noon,2018-06-25,11:00:00,35,20,1299.0,2018,6,25,Monday
BRP,Body Cond 12.00-12.45pm,2018-06-06,12:00:00,35,15,1299.0,2018,6,6,Wednesday
BRP,Body Cond 12.00-12.45pm,2018-06-13,12:00:00,35,13,1299.0,2018,6,13,Wednesday
BRP,Body Cond 12.00-12.45pm,2018-06-20,12:00:00,35,15,1299.0,2018,6,20,Wednesday
BRP,Body Cond 12.00-12.45pm,2018-06-27,12:00:00,35,15,1299.0,2018,6,27,Wednesday
BRP,Body Conditioning,2018-06-05,18:30:00,35,26,1299.0,2018,6,5,Tuesday
BRP,Body Conditioning,2018-06-07,10:00:00,35,19,1299.0,2018,6,7,Thursday
BRP,Body Conditioning,2018-06-12,18:30:00,35,26,1299.0,2018,6,12,Tuesday
BRP,Body Conditioning,2018-06-19,18:30:00,35,33,1299.0,2018,6,19,Tuesday
BRP,Body Conditioning,2018-06-26,18:30:00,35,32,1299.0,2018,6,26,Tuesday
BRP,Fusion 5pm -6pm,2018-06-07,17:00:00,35,27,999.0,2018,6,7,Thursday
BRP,Fusion 5pm -6pm,2018-06-14,17:00:00,35,28,999.0,2018,6,14,Thursday
BRP,Fusion 5pm -6pm,2018-06-21,17:00:00,35,29,999.0,2018,6,21,Thursday
BRP,Fusion 5pm -6pm,2018-06-28,17:00:00,35,29,999.0,2018,6,28,Thursday
BRP,H.I.I.T 7.00-8.00am,2018-06-06,7:00:00,35,16,2499.0,2018,6,6,Wednesday
BRP,H.I.I.T 7.00-8.00am,2018-06-13,7:00:00,35,11,2499.0,2018,6,13,Wednesday
BRP,H.I.I.T 7.00-8.00am,2018-06-20,7:00:00,35,9,2499.0,2018,6,20,Wednesday
BRP,H.I.I.T 7.00-8.00am,2018-06-27,7:00:00,35,12,2499.0,2018,6,27,Wednesday
BRP,H.I.T.T 6pm - 6.45pm,2018-06-01,18:00:00,35,11,2499.0,2018,6,1,Friday
BRP,H.I.T.T 6pm - 6.45pm,2018-06-08,18:00:00,35,17,2499.0,2018,6,8,Friday
BRP,H.I.T.T 6pm - 6.45pm,2018-06-15,18:00:00,35,12,2499.0,2018,6,15,Friday
BRP,H.I.T.T 6pm - 6.45pm,2018-06-22,18:00:00,35,9,2499.0,2018,6,22,Friday
BRP,Hatton Abc Box  10-11am,2018-06-03,10:00:00,20,20,1999.0,2018,6,3,Sunday
BRP,Hatton Abc Box  10-11am,2018-06-10,10:00:00,20,16,1999.0,2018,6,10,Sunday
BRP,Hatton Abc Box  10-11am,2018-06-17,10:00:00,20,12,1999.0,2018,6,17,Sunday
BRP,Hatton Abc Box  10-11am,2018-06-24,10:00:00,20,13,1999.0,2018,6,24,Sunday
BRP,Jnr Gym Ind 3.30-4.00pm,2018-06-01,15:30:00,2,1,2999.0,2018,6,1,Friday
BRP,Jnr Gym Ind 3.30-4.00pm,2018-06-04,15:30:00,2,1,2999.0,2018,6,4,Monday
BRP,Jnr Gym Ind 3.30-4.00pm,2018-06-11,15:30:00,2,1,2999.0,2018,6,11,Monday
BRP,Jnr Gym Ind 3.30-4.00pm,2018-06-18,15:30:00,2,1,2999.0,2018,6,18,Monday
BRP,Jnr Gym Ind 3.30-4.00pm,2018-06-19,15:30:00,2,1,2999.0,2018,6,19,Tuesday
BRP,Jnr Gym Ind 3.30-4.00pm,2018-06-21,15:30:00,2,1,2999.0,2018,6,21,Thursday
BRP,Jnr Gym Ind 3.30-4.00pm,2018-06-27,15:30:00,2,1,2999.0,2018,6,27,Wednesday
BRP,Jnr Gym Ind 3.30-4.00pm,2018-06-29,15:30:00,2,2,2999.0,2018,6,29,Friday
BRP,Jnr Gym Ind 10.30-11.00am,2018-06-03,10:30:00,2,1,2999.0,2018,6,3,Sunday
BRP,Jnr Gym Ind 10.30-11.00am,2018-06-10,10:30:00,2,2,2999.0,2018,6,10,Sunday
BRP,Junior Gym 4.00-5.00pm,2018-06-04,16:00:00,10,1,2999.0,2018,6,4,Monday
BRP,Junior Gym 4.00-5.00pm,2018-06-05,16:00:00,10,1,2999.0,2018,6,5,Tuesday
BRP,Junior Gym 4.00-5.00pm,2018-06-07,16:00:00,10,2,2999.0,2018,6,7,Thursday
BRP,Junior Gym 4.00-5.00pm,2018-06-11,16:00:00,10,1,2999.0,2018,6,11,Monday
BRP,Junior Gym 4.00-5.00pm,2018-06-15,16:00:00,10,3,2999.0,2018,6,15,Friday
BRP,Junior Gym 4.00-5.00pm,2018-06-18,16:00:00,10,1,2999.0,2018,6,18,Monday
BRP,Junior Gym 4.00-5.00pm,2018-06-21,16:00:00,10,2,2999.0,2018,6,21,Thursday
BRP,Junior Gym 11.00-12.00,2018-06-03,11:00:00,10,1,2999.0,2018,6,3,Sunday
BRP,Junior Gym 11.00-12.00,2018-06-17,11:00:00,10,2,2999.0,2018,6,17,Sunday
BRP,Legs Bums Tums 12.30-1.30,2018-06-01,12:30:00,35,15,1999.0,2018,6,1,Friday
BRP,Legs Bums Tums 12.30-1.30,2018-06-08,12:30:00,35,18,1999.0,2018,6,8,Friday
BRP,Legs Bums Tums 12.30-1.30,2018-06-15,12:30:00,35,12,1999.0,2018,6,15,Friday
BRP,Legs Bums Tums 12.30-1.30,2018-06-22,12:30:00,35,16,1999.0,2018,6,22,Friday
BRP,Legs Bums Tums 12.30-1.30,2018-06-29,12:30:00,35,12,1999.0,2018,6,29,Friday
BRP,Nice N Easy 9.30-10.30am,2018-06-06,9:30:00,35,25,999.0,2018,6,6,Wednesday
BRP,Nice N Easy 9.30-10.30am,2018-06-13,9:30:00,35,17,999.0,2018,6,13,Wednesday
BRP,Nice N Easy 9.30-10.30am,2018-06-20,9:30:00,35,16,999.0,2018,6,20,Wednesday
BRP,Nice N Easy 9.30-10.30am,2018-06-27,9:30:00,35,18,999.0,2018,6,27,Wednesday
BRP,Pilates 1.45-2.45pm,2018-06-06,13:45:00,35,18,2999.0,2018,6,6,Wednesday
BRP,Pilates 1.45-2.45pm,2018-06-20,13:45:00,35,16,2999.0,2018,6,20,Wednesday
BRP,Pilates 1.45-2.45pm,2018-06-27,13:45:00,35,18,2999.0,2018,6,27,Wednesday
BRP,Pilates 7.30-8.30pm,2018-06-13,19:30:00,35,21,2999.0,2018,6,13,Wednesday
BRP,Pilates 7.30-8.30pm,2018-06-20,19:30:00,35,20,2999.0,2018,6,20,Wednesday
BRP,Pilates 7.30-8.30pm,2018-06-27,19:30:00,35,17,2999.0,2018,6,27,Wednesday
BRP,Pilates 11.00-12.00 Noon,2018-06-05,11:00:00,35,30,2999.0,2018,6,5,Tuesday
BRP,Pilates 11.00-12.00 Noon,2018-06-12,11:00:00,35,23,2999.0,2018,6,12,Tuesday
BRP,Pilates 11.00-12.00 Noon,2018-06-19,11:00:00,35,26,2999.0,2018,6,19,Tuesday
BRP,Pilates 11.00-12.00 Noon,2018-06-26,11:00:00,35,24,2999.0,2018,6,26,Tuesday
BRP,Pilates 12.15-1.15pm,2018-06-04,12:15:00,35,20,2999.0,2018,6,4,Monday
BRP,Pilates 12.15-1.15pm,2018-06-11,12:15:00,35,24,2999.0,2018,6,11,Monday
BRP,Pilates 12.15-1.15pm,2018-06-18,12:15:00,35,23,2999.0,2018,6,18,Monday
BRP,Pilates 12.15-1.15pm,2018-06-25,12:15:00,35,20,2999.0,2018,6,25,Monday
BRP,Pure Stretch  11.00 12.00,2018-06-03,11:00:00,35,26,999.0,2018,6,3,Sunday
BRP,Pure Stretch  11.00 12.00,2018-06-10,11:00:00,35,22,999.0,2018,6,10,Sunday
BRP,Pure Stretch  11.00 12.00,2018-06-17,11:00:00,35,21,999.0,2018,6,17,Sunday
BRP,Pure Stretch  11.00 12.00,2018-06-24,11:00:00,35,17,999.0,2018,6,24,Sunday
BRP,Stretch And Tone 12-1pm,2018-06-05,12:00:00,35,8,1499.0,2018,6,5,Tuesday
BRP,Stretch And Tone 12-1pm,2018-06-12,12:00:00,35,7,1499.0,2018,6,12,Tuesday
BRP,Stretch And Tone 12-1pm,2018-06-19,12:00:00,35,7,1499.0,2018,6,19,Tuesday
BRP,Stretch And Tone 12-1pm,2018-06-26,12:00:00,35,8,1499.0,2018,6,26,Tuesday
BRP,Strokeskills 7.15-8.15pm,2018-06-01,19:15:00,10,2,2999.0,2018,6,1,Friday
BRP,Strokeskills 7.15-8.15pm,2018-06-08,19:15:00,10,3,2999.0,2018,6,8,Friday
BRP,Strokeskills 7.15-8.15pm,2018-06-15,19:15:00,10,3,2999.0,2018,6,15,Friday
BRP,Strokeskills 7.15-8.15pm,2018-06-22,19:15:00,10,2,2999.0,2018,6,22,Friday
BRP,Strokeskills 7.15-8.15pm,2018-06-29,19:15:00,10,3,2999.0,2018,6,29,Friday
BRP,Strokeskills 7pm -8pm,2018-06-06,19:00:00,10,10,2999.0,2018,6,6,Wednesday
BRP,Strokeskills 7pm -8pm,2018-06-13,19:00:00,10,9,2999.0,2018,6,13,Wednesday
BRP,Strokeskills 7pm -8pm,2018-06-20,19:00:00,10,10,2999.0,2018,6,20,Wednesday
BRP,Strokeskills 7pm -8pm,2018-06-27,19:00:00,10,9,2999.0,2018,6,27,Wednesday
BRP,Swimfit 7am-8am,2018-06-05,7:00:00,15,5,1499.0,2018,6,5,Tuesday
BRP,Swimfit 7am-8am,2018-06-12,7:00:00,15,9,1499.0,2018,6,12,Tuesday
BRP,Swimfit 7am-8am,2018-06-19,7:00:00,15,7,1499.0,2018,6,19,Tuesday
BRP,Swimfit 7am-8am,2018-06-26,7:00:00,15,6,1499.0,2018,6,26,Tuesday
BRP,Swimfit  8pm - 9pm,2018-06-06,20:00:00,10,9,1499.0,2018,6,6,Wednesday
BRP,Swimfit  8pm - 9pm,2018-06-13,20:00:00,10,7,1499.0,2018,6,13,Wednesday
BRP,Swimfit  8pm - 9pm,2018-06-20,20:00:00,10,10,1499.0,2018,6,20,Wednesday
BRP,Swimfit  8pm - 9pm,2018-06-27,20:00:00,10,10,1499.0,2018,6,27,Wednesday
BRP,Yogalates  6.30-7.30pm,2018-06-13,18:30:00,35,27,2999.0,2018,6,13,Wednesday
BRP,Yogalates  6.30-7.30pm,2018-06-20,18:30:00,35,17,2999.0,2018,6,20,Wednesday
BRP,Yogalates  6.30-7.30pm,2018-06-27,18:30:00,35,18,2999.0,2018,6,27,Wednesday
BRP,Yogalates 7.00-8.00pm,2018-06-07,19:00:00,35,28,2999.0,2018,6,7,Thursday
BRP,Yogalates 7.00-8.00pm,2018-06-14,19:00:00,35,33,2999.0,2018,6,14,Thursday
BRP,Yogalates 7.00-8.00pm,2018-06-21,19:00:00,35,24,2999.0,2018,6,21,Thursday
BRP,Yogalates 7.00-8.00pm,2018-06-28,19:00:00,35,24,2999.0,2018,6,28,Thursday
BRP,Yogalates 10.30am,2018-06-01,10:30:00,35,18,2999.0,2018,6,1,Friday
BRP,Yogalates 10.30am,2018-06-08,10:30:00,35,17,2999.0,2018,6,8,Friday
BRP,Yogalates 10.30am,2018-06-15,10:30:00,35,20,2999.0,2018,6,15,Friday
BRP,Yogalates 10.30am,2018-06-22,10:30:00,35,20,2999.0,2018,6,22,Friday
BRP,Yogalates 10.30am,2018-06-29,10:30:00,35,19,2999.0,2018,6,29,Friday
BRP,Yogalates 11.00-12.00,2018-06-07,11:00:00,35,13,2999.0,2018,6,7,Thursday
BRP,Yogalates 11.00-12.00,2018-06-14,11:00:00,35,11,2999.0,2018,6,14,Thursday
BRP,Yogalates 11.00-12.00,2018-06-21,11:00:00,35,16,2999.0,2018,6,21,Thursday
BRP,Yogalates 11.00-12.00,2018-06-28,11:00:00,35,16,2999.0,2018,6,28,Thursday
BRP,Zumba,2018-06-05,17:30:00,35,28,1299.0,2018,6,5,Tuesday
BRP,Zumba,2018-06-12,17:30:00,35,20,1299.0,2018,6,12,Tuesday
BRP,Zumba,2018-06-19,17:30:00,35,20,1299.0,2018,6,19,Tuesday
BRP,Zumba,2018-06-26,17:30:00,35,18,1299.0,2018,6,26,Tuesday
BRP,Zumba 12.45-1.45pm,2018-06-06,12:45:00,35,16,1299.0,2018,6,6,Wednesday
BRP,Zumba 12.45-1.45pm,2018-06-13,12:45:00,35,14,1299.0,2018,6,13,Wednesday
BRP,Zumba 12.45-1.45pm,2018-06-20,12:45:00,35,10,1299.0,2018,6,20,Wednesday
BRP,Zumba 12.45-1.45pm,2018-06-27,12:45:00,35,13,1299.0,2018,6,27,Wednesday
HXP,Aqua Fit 4pm - 5pm,2018-06-10,16:00:00,25,15,999.0,2018,6,10,Sunday
HXP,Aqua Fit 4pm - 5pm,2018-06-17,16:00:00,25,13,999.0,2018,6,17,Sunday
HXP,Aqua Fit 4pm - 5pm,2018-06-24,16:00:00,25,18,999.0,2018,6,24,Sunday
HXP,Aqua Fit 12.15 -13.15,2018-06-01,12:15:00,25,14,999.0,2018,6,1,Friday
HXP,Aqua Fit 12.15 -13.15,2018-06-07,12:15:00,25,14,999.0,2018,6,7,Thursday
HXP,Aqua Fit 12.15 -13.15,2018-06-08,12:15:00,25,15,999.0,2018,6,8,Friday
HXP,Aqua Fit 12.15 -13.15,2018-06-14,12:15:00,25,19,999.0,2018,6,14,Thursday
HXP,Aqua Fit 12.15 -13.15,2018-06-15,12:15:00,25,15,999.0,2018,6,15,Friday
HXP,Aqua Fit 12.15 -13.15,2018-06-21,12:15:00,25,17,999.0,2018,6,21,Thursday
HXP,Aqua Fit 12.15 -13.15,2018-06-22,12:15:00,25,16,999.0,2018,6,22,Friday
HXP,Aqua Fit 12.15 -13.15,2018-06-28,12:15:00,25,17,999.0,2018,6,28,Thursday
HXP,Aqua Fit 12.15 -13.15,2018-06-29,12:15:00,25,11,999.0,2018,6,29,Friday
HXP,Aqua Fit 12.15-13.00,2018-06-04,12:15:00,25,8,999.0,2018,6,4,Monday
HXP,Aqua Fit 12.15-13.00,2018-06-11,12:15:00,25,13,999.0,2018,6,11,Monday
HXP,Aqua Fit 12.15-13.00,2018-06-18,12:15:00,25,18,999.0,2018,6,18,Monday
HXP,Aqua Fit 12.15-13.00,2018-06-25,12:15:00,25,16,999.0,2018,6,25,Monday
HXP,Aquafit 7.00-8.00pm,2018-06-05,19:00:00,20,15,999.0,2018,6,5,Tuesday
HXP,Aquafit 7.00-8.00pm,2018-06-12,19:00:00,20,17,999.0,2018,6,12,Tuesday
HXP,Aquafit 7.00-8.00pm,2018-06-19,19:00:00,20,16,999.0,2018,6,19,Tuesday
HXP,Aquafit 7.00-8.00pm,2018-06-26,19:00:00,20,20,999.0,2018,6,26,Tuesday
HXP,Body Con   2.45pm-3.45pm,2018-06-03,14:45:00,25,3,1299.0,2018,6,3,Sunday
HXP,Body Con   2.45pm-3.45pm,2018-06-10,14:45:00,25,9,1299.0,2018,6,10,Sunday
HXP,Body Con   2.45pm-3.45pm,2018-06-17,14:45:00,25,7,1299.0,2018,6,17,Sunday
HXP,Body Con   2.45pm-3.45pm,2018-06-24,14:45:00,25,10,1299.0,2018,6,24,Sunday
HXP,Body Con   11am -12noon,2018-06-02,11:00:00,25,12,1299.0,2018,6,2,Saturday
HXP,Body Con   11am -12noon,2018-06-09,11:00:00,25,11,1299.0,2018,6,9,Saturday
HXP,Body Con   11am -12noon,2018-06-16,11:00:00,25,10,1299.0,2018,6,16,Saturday
HXP,Body Con   11am -12noon,2018-06-23,11:00:00,25,13,1299.0,2018,6,23,Saturday
HXP,Body Con   11am -12noon,2018-06-30,11:00:00,25,6,1299.0,2018,6,30,Saturday
HXP,Body Cond 3.50pm - 4.50pm,2018-06-03,15:50:00,25,2,1299.0,2018,6,3,Sunday
HXP,Body Cond 3.50pm - 4.50pm,2018-06-10,15:50:00,25,7,1299.0,2018,6,10,Sunday
HXP,Body Cond 3.50pm - 4.50pm,2018-06-17,15:50:00,25,4,1299.0,2018,6,17,Sunday
HXP,Body Cond 3.50pm - 4.50pm,2018-06-24,15:50:00,25,7,1299.0,2018,6,24,Sunday
HXP,Body Cond 7.30-8.30pm,2018-06-04,19:30:00,25,28,1299.0,2018,6,4,Monday
HXP,Body Cond 7.30-8.30pm,2018-06-06,19:30:00,25,23,1299.0,2018,6,6,Wednesday
HXP,Body Cond 7.30-8.30pm,2018-06-11,19:30:00,25,23,1299.0,2018,6,11,Monday
HXP,Body Cond 7.30-8.30pm,2018-06-13,19:30:00,25,23,1299.0,2018,6,13,Wednesday
HXP,Body Cond 7.30-8.30pm,2018-06-18,19:30:00,25,25,1299.0,2018,6,18,Monday
HXP,Body Cond 7.30-8.30pm,2018-06-20,19:30:00,25,22,1299.0,2018,6,20,Wednesday
HXP,Body Cond 7.30-8.30pm,2018-06-25,19:30:00,25,17,1299.0,2018,6,25,Monday
HXP,Body Cond 7.30-8.30pm,2018-06-27,19:30:00,25,17,1299.0,2018,6,27,Wednesday
HXP,Body Cond 12.00 - 1.00pm,2018-06-01,12:00:00,25,21,1299.0,2018,6,1,Friday
HXP,Body Cond 12.00 - 1.00pm,2018-06-08,12:00:00,25,18,1299.0,2018,6,8,Friday
HXP,Body Cond 12.00 - 1.00pm,2018-06-15,12:00:00,25,17,1299.0,2018,6,15,Friday
HXP,Body Cond 12.00 - 1.00pm,2018-06-22,12:00:00,25,24,1299.0,2018,6,22,Friday
HXP,Body Cond 12.00 - 1.00pm,2018-06-29,12:00:00,25,16,1299.0,2018,6,29,Friday
HXP,Body Condition 10 -11am,2018-06-05,10:00:00,25,22,1299.0,2018,6,5,Tuesday
HXP,Body Condition 10 -11am,2018-06-12,10:00:00,25,19,1299.0,2018,6,12,Tuesday
HXP,Body Condition 10 -11am,2018-06-19,10:00:00,25,24,1299.0,2018,6,19,Tuesday
HXP,Body Condition 10 -11am,2018-06-26,10:00:00,25,23,1299.0,2018,6,26,Tuesday
HXP,Body Conditioning 10-11am,2018-06-06,10:00:00,25,12,1299.0,2018,6,6,Wednesday
HXP,Body Conditioning 10-11am,2018-06-13,10:00:00,25,15,1299.0,2018,6,13,Wednesday
HXP,Body Conditioning 10-11am,2018-06-20,10:00:00,25,14,1299.0,2018,6,20,Wednesday
HXP,Body Conditioning 10-11am,2018-06-27,10:00:00,25,9,1299.0,2018,6,27,Wednesday
HXP,Bodycondition 12.30-13.30,2018-06-05,12:30:00,25,7,1299.0,2018,6,5,Tuesday
HXP,Bodycondition 12.30-13.30,2018-06-12,12:30:00,25,6,1299.0,2018,6,12,Tuesday
HXP,Bodycondition 12.30-13.30,2018-06-19,12:30:00,25,14,1299.0,2018,6,19,Tuesday
HXP,Bodycondition 12.30-13.30,2018-06-26,12:30:00,25,10,1299.0,2018,6,26,Tuesday
HXP,Gentle Keep Fit 2-3pm,2018-06-05,14:00:00,25,4,999.0,2018,6,5,Tuesday
HXP,Gentle Keep Fit 2-3pm,2018-06-12,14:00:00,25,5,999.0,2018,6,12,Tuesday
HXP,Gentle Keep Fit 2-3pm,2018-06-19,14:00:00,25,7,999.0,2018,6,19,Tuesday
HXP,Gentle Keep Fit 2-3pm,2018-06-26,14:00:00,25,7,999.0,2018,6,26,Tuesday
HXP,Gentle Keep Fit 11.10-12,2018-06-07,11:10:00,27,11,999.0,2018,6,7,Thursday
HXP,Gentle Keep Fit 11.10-12,2018-06-14,11:10:00,27,11,999.0,2018,6,14,Thursday
HXP,Gentle Keep Fit 11.10-12,2018-06-21,11:10:00,27,12,999.0,2018,6,21,Thursday
HXP,Gentle Keep Fit 11.10-12,2018-06-28,11:10:00,27,4,999.0,2018,6,28,Thursday
HXP,H.I.I.T. 6.25-7.25pm,2018-06-06,18:25:00,25,15,2499.0,2018,6,6,Wednesday
HXP,H.I.I.T. 6.25-7.25pm,2018-06-13,18:25:00,25,13,2499.0,2018,6,13,Wednesday
HXP,H.I.I.T. 6.25-7.25pm,2018-06-20,18:25:00,25,12,2499.0,2018,6,20,Wednesday
HXP,H.I.I.T. 6.25-7.25pm,2018-06-27,18:25:00,25,14,2499.0,2018,6,27,Wednesday
HXP,Jnr Gym Appoint 4-5pm,2018-06-05,16:00:00,10,3,2999.0,2018,6,5,Tuesday
HXP,Jnr Gym Appoint 4-5pm,2018-06-06,16:00:00,10,1,2999.0,2018,6,6,Wednesday
HXP,Jnr Gym Appoint 4-5pm,2018-06-07,16:00:00,10,3,2999.0,2018,6,7,Thursday
HXP,Jnr Gym Appoint 4-5pm,2018-06-08,16:00:00,10,1,2999.0,2018,6,8,Friday
HXP,Jnr Gym Appoint 4-5pm,2018-06-13,16:00:00,10,2,2999.0,2018,6,13,Wednesday
HXP,Jnr Gym Appoint 4-5pm,2018-06-19,16:00:00,10,4,2999.0,2018,6,19,Tuesday
HXP,Jnr Gym Appoint 4-5pm,2018-06-22,16:00:00,10,1,2999.0,2018,6,22,Friday
HXP,Jnr Gym Appoint 4-5pm,2018-06-28,16:00:00,10,2,2999.0,2018,6,28,Thursday
HXP,Jnr Gym Appoint 4-5pm,2018-06-29,16:00:00,10,2,2999.0,2018,6,29,Friday
HXP,Jnr Gym Appoint 11-12,2018-06-02,11:00:00,10,5,2999.0,2018,6,2,Saturday
HXP,Jnr Gym Appoint 11-12,2018-06-09,11:00:00,10,5,2999.0,2018,6,9,Saturday
HXP,Jnr Gym Appoint 11-12,2018-06-16,11:00:00,10,8,2999.0,2018,6,16,Saturday
HXP,Jnr Gym Appoint 11-12,2018-06-23,11:00:00,10,6,2999.0,2018,6,23,Saturday
HXP,Jnr Gym Appoint 11-12,2018-06-30,11:00:00,10,4,2999.0,2018,6,30,Saturday
HXP,Junior Swimfit 7pm-8pm,2018-06-15,19:00:00,4,2,3999.0,2018,6,15,Friday
HXP,Junior Swimfit 7pm-8pm,2018-06-22,19:00:00,4,1,3999.0,2018,6,22,Friday
HXP,Line Dancing 1.15-2.00pm,2018-06-06,13:15:00,21,8,1499.0,2018,6,6,Wednesday
HXP,Line Dancing 1.15-2.00pm,2018-06-13,13:15:00,21,9,1499.0,2018,6,13,Wednesday
HXP,Line Dancing 1.15-2.00pm,2018-06-20,13:15:00,21,14,1499.0,2018,6,20,Wednesday
HXP,Line Dancing 1.15-2.00pm,2018-06-27,13:15:00,21,12,1499.0,2018,6,27,Wednesday
HXP,Line Dancing 2pm -3pm,2018-06-06,14:00:00,21,7,1499.0,2018,6,6,Wednesday
HXP,Line Dancing 2pm -3pm,2018-06-13,14:00:00,21,10,1499.0,2018,6,13,Wednesday
HXP,Line Dancing 2pm -3pm,2018-06-20,14:00:00,21,8,1499.0,2018,6,20,Wednesday
HXP,Line Dancing 2pm -3pm,2018-06-27,14:00:00,21,14,1499.0,2018,6,27,Wednesday
HXP,Pilates 9-10am,2018-06-06,9:00:00,25,22,2999.0,2018,6,6,Wednesday
HXP,Pilates 9-10am,2018-06-13,9:00:00,25,21,2999.0,2018,6,13,Wednesday
HXP,Pilates 9-10am,2018-06-20,9:00:00,25,20,2999.0,2018,6,20,Wednesday
HXP,Pilates 9-10am,2018-06-27,9:00:00,25,18,2999.0,2018,6,27,Wednesday
HXP,Pilates 9.00-9.50am,2018-06-07,9:00:00,25,25,2999.0,2018,6,7,Thursday
HXP,Pilates 9.00-9.50am,2018-06-14,9:00:00,25,21,2999.0,2018,6,14,Thursday
HXP,Pilates 9.00-9.50am,2018-06-21,9:00:00,25,25,2999.0,2018,6,21,Thursday
HXP,Pilates 9.00-9.50am,2018-06-28,9:00:00,25,25,2999.0,2018,6,28,Thursday
HXP,Pilates   9.00-10.00am,2018-06-05,9:00:00,25,25,2999.0,2018,6,5,Tuesday
HXP,Pilates   9.00-10.00am,2018-06-12,9:00:00,25,25,2999.0,2018,6,12,Tuesday
HXP,Pilates   9.00-10.00am,2018-06-19,9:00:00,25,21,2999.0,2018,6,19,Tuesday
HXP,Pilates   9.00-10.00am,2018-06-26,9:00:00,25,23,2999.0,2018,6,26,Tuesday
HXP,Pilates 13.45-14.45,2018-06-04,13:45:00,25,10,2999.0,2018,6,4,Monday
HXP,Pilates 13.45-14.45,2018-06-11,13:45:00,25,13,2999.0,2018,6,11,Monday
HXP,Pilates 13.45-14.45,2018-06-18,13:45:00,25,19,2999.0,2018,6,18,Monday
HXP,Pilates 13.45-14.45,2018-06-25,13:45:00,25,13,2999.0,2018,6,25,Monday
HXP,Rock Roll Dancing 3 - 4pm,2018-06-06,15:00:00,24,7,1999.0,2018,6,6,Wednesday
HXP,Rock Roll Dancing 3 - 4pm,2018-06-13,15:00:00,24,6,1999.0,2018,6,13,Wednesday
HXP,Rock Roll Dancing 3 - 4pm,2018-06-20,15:00:00,24,6,1999.0,2018,6,20,Wednesday
HXP,Rock Roll Dancing 3 - 4pm,2018-06-27,15:00:00,24,10,1999.0,2018,6,27,Wednesday
HXP,Strokeskills 6pm - 7pm,2018-06-01,18:00:00,10,8,2999.0,2018,6,1,Friday
HXP,Strokeskills 6pm - 7pm,2018-06-08,18:00:00,10,10,2999.0,2018,6,8,Friday
HXP,Strokeskills 6pm - 7pm,2018-06-15,18:00:00,10,10,2999.0,2018,6,15,Friday
HXP,Strokeskills 6pm - 7pm,2018-06-22,18:00:00,10,10,2999.0,2018,6,22,Friday
HXP,Strokeskills 6pm - 7pm,2018-06-29,18:00:00,10,8,2999.0,2018,6,29,Friday
HXP,Studio Cyc 1.10 - 2.00pm,2018-06-01,13:10:00,27,23,1999.0,2018,6,1,Friday
HXP,Studio Cyc 1.10 - 2.00pm,2018-06-08,13:10:00,27,21,1999.0,2018,6,8,Friday
HXP,Studio Cyc 1.10 - 2.00pm,2018-06-15,13:10:00,27,21,1999.0,2018,6,15,Friday
HXP,Studio Cyc 1.10 - 2.00pm,2018-06-22,13:10:00,27,23,1999.0,2018,6,22,Friday
HXP,Studio Cyc 1.10 - 2.00pm,2018-06-29,13:10:00,27,21,1999.0,2018,6,29,Friday
HXP,Studio Cyc 4.20-5.10pm,2018-06-06,16:20:00,27,24,1999.0,2018,6,6,Wednesday
HXP,Studio Cyc 4.20-5.10pm,2018-06-13,16:20:00,27,17,1999.0,2018,6,13,Wednesday
HXP,Studio Cyc 4.20-5.10pm,2018-06-20,16:20:00,27,16,1999.0,2018,6,20,Wednesday
HXP,Studio Cyc 4.20-5.10pm,2018-06-27,16:20:00,27,22,1999.0,2018,6,27,Wednesday
HXP,Studio Cyc 5.00-5.50pm,2018-06-05,17:00:00,27,27,1999.0,2018,6,5,Tuesday
HXP,Studio Cyc 5.00-5.50pm,2018-06-07,17:00:00,27,16,1999.0,2018,6,7,Thursday
HXP,Studio Cyc 5.00-5.50pm,2018-06-12,17:00:00,27,20,1999.0,2018,6,12,Tuesday
HXP,Studio Cyc 5.00-5.50pm,2018-06-14,17:00:00,27,10,1999.0,2018,6,14,Thursday
HXP,Studio Cyc 5.00-5.50pm,2018-06-19,17:00:00,27,26,1999.0,2018,6,19,Tuesday
HXP,Studio Cyc 5.00-5.50pm,2018-06-21,17:00:00,27,20,1999.0,2018,6,21,Thursday
HXP,Studio Cyc 5.00-5.50pm,2018-06-26,17:00:00,27,25,1999.0,2018,6,26,Tuesday
HXP,Studio Cyc 5.00-5.50pm,2018-06-28,17:00:00,27,24,1999.0,2018,6,28,Thursday
HXP,Studio Cyc 5.10-6.00pm,2018-06-01,17:10:00,27,26,1999.0,2018,6,1,Friday
HXP,Studio Cyc 5.10-6.00pm,2018-06-08,17:10:00,27,25,1999.0,2018,6,8,Friday
HXP,Studio Cyc 5.10-6.00pm,2018-06-15,17:10:00,27,27,1999.0,2018,6,15,Friday
HXP,Studio Cyc 5.10-6.00pm,2018-06-22,17:10:00,27,25,1999.0,2018,6,22,Friday
HXP,Studio Cyc 5.10-6.00pm,2018-06-29,17:10:00,27,15,1999.0,2018,6,29,Friday
HXP,Studio Cyc 5.20-6.10pm,2018-06-04,17:20:00,27,25,1999.0,2018,6,4,Monday
HXP,Studio Cyc 5.20-6.10pm,2018-06-06,17:20:00,27,22,1999.0,2018,6,6,Wednesday
HXP,Studio Cyc 5.20-6.10pm,2018-06-11,17:20:00,27,24,1999.0,2018,6,11,Monday
HXP,Studio Cyc 5.20-6.10pm,2018-06-13,17:20:00,27,18,1999.0,2018,6,13,Wednesday
HXP,Studio Cyc 5.20-6.10pm,2018-06-18,17:20:00,27,21,1999.0,2018,6,18,Monday
HXP,Studio Cyc 5.20-6.10pm,2018-06-20,17:20:00,27,24,1999.0,2018,6,20,Wednesday
HXP,Studio Cyc 5.20-6.10pm,2018-06-25,17:20:00,27,26,1999.0,2018,6,25,Monday
HXP,Studio Cyc 5.20-6.10pm,2018-06-27,17:20:00,27,20,1999.0,2018,6,27,Wednesday
HXP,Studio Cyc 5.55-6.45pm,2018-06-07,17:55:00,27,16,1999.0,2018,6,7,Thursday
HXP,Studio Cyc 5.55-6.45pm,2018-06-14,17:55:00,27,17,1999.0,2018,6,14,Thursday
HXP,Studio Cyc 5.55-6.45pm,2018-06-21,17:55:00,27,15,1999.0,2018,6,21,Thursday
HXP,Studio Cyc 5.55-6.45pm,2018-06-28,17:55:00,27,14,1999.0,2018,6,28,Thursday
HXP,Studio Cyc 6.10-7.00pm,2018-06-01,18:10:00,27,15,1999.0,2018,6,1,Friday
HXP,Studio Cyc 6.10-7.00pm,2018-06-08,18:10:00,27,26,1999.0,2018,6,8,Friday
HXP,Studio Cyc 6.10-7.00pm,2018-06-15,18:10:00,27,19,1999.0,2018,6,15,Friday
HXP,Studio Cyc 6.10-7.00pm,2018-06-22,18:10:00,27,16,1999.0,2018,6,22,Friday
HXP,Studio Cyc 6.10-7.00pm,2018-06-29,18:10:00,27,19,1999.0,2018,6,29,Friday
HXP,Studio Cyc 6.15-7.05pm,2018-06-04,18:15:00,27,27,1999.0,2018,6,4,Monday
HXP,Studio Cyc 6.15-7.05pm,2018-06-11,18:15:00,27,22,1999.0,2018,6,11,Monday
HXP,Studio Cyc 6.15-7.05pm,2018-06-18,18:15:00,27,19,1999.0,2018,6,18,Monday
HXP,Studio Cyc 6.15-7.05pm,2018-06-25,18:15:00,27,16,1999.0,2018,6,25,Monday
HXP,Studio Cyc 7.00-7.50pm,2018-06-07,19:00:00,27,19,1999.0,2018,6,7,Thursday
HXP,Studio Cyc 7.00-7.50pm,2018-06-14,19:00:00,27,16,1999.0,2018,6,14,Thursday
HXP,Studio Cyc 7.00-7.50pm,2018-06-21,19:00:00,27,21,1999.0,2018,6,21,Thursday
HXP,Studio Cyc 7.00-7.50pm,2018-06-28,19:00:00,27,23,1999.0,2018,6,28,Thursday
HXP,Studio Cyc 7.05-7.55am,2018-06-04,7:05:00,27,7,1999.0,2018,6,4,Monday
HXP,Studio Cyc 7.05-7.55am,2018-06-06,7:05:00,27,15,1999.0,2018,6,6,Wednesday
HXP,Studio Cyc 7.05-7.55am,2018-06-11,7:05:00,27,16,1999.0,2018,6,11,Monday
HXP,Studio Cyc 7.05-7.55am,2018-06-13,7:05:00,27,15,1999.0,2018,6,13,Wednesday
HXP,Studio Cyc 7.05-7.55am,2018-06-18,7:05:00,27,15,1999.0,2018,6,18,Monday
HXP,Studio Cyc 7.05-7.55am,2018-06-20,7:05:00,27,10,1999.0,2018,6,20,Wednesday
HXP,Studio Cyc 7.05-7.55am,2018-06-25,7:05:00,27,13,1999.0,2018,6,25,Monday
HXP,Studio Cyc 7.05-7.55am,2018-06-27,7:05:00,27,19,1999.0,2018,6,27,Wednesday
HXP,Studio Cyc 7.30-8.20pm,2018-06-05,19:30:00,27,22,1999.0,2018,6,5,Tuesday
HXP,Studio Cyc 7.30-8.20pm,2018-06-12,19:30:00,27,26,1999.0,2018,6,12,Tuesday
HXP,Studio Cyc 7.30-8.20pm,2018-06-19,19:30:00,27,17,1999.0,2018,6,19,Tuesday
HXP,Studio Cyc 7.30-8.20pm,2018-06-26,19:30:00,27,19,1999.0,2018,6,26,Tuesday
HXP,Studio Cyc 8.00-8.50am,2018-06-02,8:00:00,27,26,1999.0,2018,6,2,Saturday
HXP,Studio Cyc 8.00-8.50am,2018-06-09,8:00:00,27,23,1999.0,2018,6,9,Saturday
HXP,Studio Cyc 8.00-8.50am,2018-06-16,8:00:00,27,25,1999.0,2018,6,16,Saturday
HXP,Studio Cyc 8.00-8.50am,2018-06-23,8:00:00,27,26,1999.0,2018,6,23,Saturday
HXP,Studio Cyc 8.00-8.50am,2018-06-30,8:00:00,27,27,1999.0,2018,6,30,Saturday
HXP,Studio Cyc 8.00-8.50pm,2018-06-07,20:00:00,27,23,1999.0,2018,6,7,Thursday
HXP,Studio Cyc 8.00-8.50pm,2018-06-14,20:00:00,27,24,1999.0,2018,6,14,Thursday
HXP,Studio Cyc 8.00-8.50pm,2018-06-21,20:00:00,27,18,1999.0,2018,6,21,Thursday
HXP,Studio Cyc 8.00-8.50pm,2018-06-28,20:00:00,27,16,1999.0,2018,6,28,Thursday
HXP,Studio Cyc 8.50-9.40am,2018-06-02,8:50:00,27,22,1999.0,2018,6,2,Saturday
HXP,Studio Cyc 8.50-9.40am,2018-06-09,8:50:00,27,16,1999.0,2018,6,9,Saturday
HXP,Studio Cyc 8.50-9.40am,2018-06-16,8:50:00,27,22,1999.0,2018,6,16,Saturday
HXP,Studio Cyc 8.50-9.40am,2018-06-23,8:50:00,27,17,1999.0,2018,6,23,Saturday
HXP,Studio Cyc 8.50-9.40am,2018-06-30,8:50:00,27,18,1999.0,2018,6,30,Saturday
HXP,Studio Cyc 9.05 -9.55am,2018-06-03,9:00:00,27,27,1999.0,2018,6,3,Sunday
HXP,Studio Cyc 9.05 -9.55am,2018-06-10,9:00:00,27,25,1999.0,2018,6,10,Sunday
HXP,Studio Cyc 9.05 -9.55am,2018-06-17,9:00:00,27,26,1999.0,2018,6,17,Sunday
HXP,Studio Cyc 9.05 -9.55am,2018-06-24,9:00:00,27,20,1999.0,2018,6,24,Sunday
HXP,Studio Cyc 10.00 -10.50am,2018-06-03,10:00:00,27,27,1999.0,2018,6,3,Sunday
HXP,Studio Cyc 10.00 -10.50am,2018-06-10,10:00:00,27,23,1999.0,2018,6,10,Sunday
HXP,Studio Cyc 10.00 -10.50am,2018-06-17,10:00:00,27,23,1999.0,2018,6,17,Sunday
HXP,Studio Cyc 10.00 -10.50am,2018-06-24,10:00:00,27,20,1999.0,2018,6,24,Sunday
HXP,Studio Cyc 10.00-10.50am,2018-06-07,10:00:00,27,25,1999.0,2018,6,7,Thursday
HXP,Studio Cyc 10.00-10.50am,2018-06-14,10:00:00,27,20,1999.0,2018,6,14,Thursday
HXP,Studio Cyc 10.00-10.50am,2018-06-21,10:00:00,27,23,1999.0,2018,6,21,Thursday
HXP,Studio Cyc 10.00-10.50am,2018-06-28,10:00:00,27,24,1999.0,2018,6,28,Thursday
HXP,Studio Cyc 11.30 - 12.20,2018-06-04,11:30:00,27,10,1999.0,2018,6,4,Monday
HXP,Studio Cyc 11.30 - 12.20,2018-06-11,11:30:00,27,18,1999.0,2018,6,11,Monday
HXP,Studio Cyc 11.30 - 12.20,2018-06-18,11:30:00,27,18,1999.0,2018,6,18,Monday
HXP,Studio Cyc 11.30 - 12.20,2018-06-25,11:30:00,27,21,1999.0,2018,6,25,Monday
HXP,Studio Cyc 12.10-1.00pm,2018-06-06,12:10:00,27,13,1999.0,2018,6,6,Wednesday
HXP,Studio Cyc 12.10-1.00pm,2018-06-13,12:10:00,27,11,1999.0,2018,6,13,Wednesday
HXP,Studio Cyc 12.10-1.00pm,2018-06-20,12:10:00,27,19,1999.0,2018,6,20,Wednesday
HXP,Studio Cyc 12.10-1.00pm,2018-06-27,12:10:00,27,17,1999.0,2018,6,27,Wednesday
HXP,Studio Cyc 12.30-1.20pm,2018-06-04,12:30:00,27,10,1999.0,2018,6,4,Monday
HXP,Studio Cyc 12.30-1.20pm,2018-06-11,12:30:00,27,11,1999.0,2018,6,11,Monday
HXP,Studio Cyc 12.30-1.20pm,2018-06-18,12:30:00,27,15,1999.0,2018,6,18,Monday
HXP,Studio Cyc 12.30-1.20pm,2018-06-25,12:30:00,27,13,1999.0,2018,6,25,Monday
HXP,Studio Cycling 7.05 -7.55,2018-06-05,7:05:00,27,10,1999.0,2018,6,5,Tuesday
HXP,Studio Cycling 7.05 -7.55,2018-06-12,7:05:00,27,10,1999.0,2018,6,12,Tuesday
HXP,Studio Cycling 7.05 -7.55,2018-06-19,7:05:00,27,9,1999.0,2018,6,19,Tuesday
HXP,Studio Cycling 7.05 -7.55,2018-06-26,7:05:00,27,13,1999.0,2018,6,26,Tuesday
HXP,Swimfit 6.30 -7.30pm,2018-06-04,18:30:00,15,10,1499.0,2018,6,4,Monday
HXP,Swimfit 6.30 -7.30pm,2018-06-11,18:30:00,15,14,1499.0,2018,6,11,Monday
HXP,Swimfit 6.30 -7.30pm,2018-06-18,18:30:00,15,10,1499.0,2018,6,18,Monday
HXP,Swimfit 6.30 -7.30pm,2018-06-25,18:30:00,15,12,1499.0,2018,6,25,Monday
HXP,Swimfit 6.30-7.30am,2018-06-04,6:30:00,15,5,1499.0,2018,6,4,Monday
HXP,Swimfit 6.30-7.30am,2018-06-11,6:30:00,15,7,1499.0,2018,6,11,Monday
HXP,Swimfit 6.30-7.30am,2018-06-18,6:30:00,15,10,1499.0,2018,6,18,Monday
HXP,Swimfit 6.30-7.30am,2018-06-25,6:30:00,15,12,1499.0,2018,6,25,Monday
HXP,Swimfit 6.30am -7.30am,2018-06-06,6:30:00,15,9,1499.0,2018,6,6,Wednesday
HXP,Swimfit 6.30am -7.30am,2018-06-13,6:30:00,15,13,1499.0,2018,6,13,Wednesday
HXP,Swimfit 6.30am -7.30am,2018-06-20,6:30:00,15,15,1499.0,2018,6,20,Wednesday
HXP,Swimfit 6.30am -7.30am,2018-06-27,6:30:00,15,15,1499.0,2018,6,27,Wednesday
HXP,Swimfit 7pm - 8pm,2018-06-01,19:00:00,15,8,1499.0,2018,6,1,Friday
HXP,Swimfit 7pm - 8pm,2018-06-08,19:00:00,15,14,1499.0,2018,6,8,Friday
HXP,Swimfit 7pm - 8pm,2018-06-15,19:00:00,15,12,1499.0,2018,6,15,Friday
HXP,Swimfit 7pm - 8pm,2018-06-22,19:00:00,15,10,1499.0,2018,6,22,Friday
HXP,Swimfit 7pm - 8pm,2018-06-29,19:00:00,15,13,1499.0,2018,6,29,Friday
HXP,Tai-Chi  12 -1pm,2018-06-07,12:00:00,25,9,3999.0,2018,6,7,Thursday
HXP,Tai-Chi  12 -1pm,2018-06-14,12:00:00,25,7,3999.0,2018,6,14,Thursday
HXP,Tai-Chi  12 -1pm,2018-06-21,12:00:00,25,10,3999.0,2018,6,21,Thursday
HXP,Tai-Chi  12 -1pm,2018-06-28,12:00:00,25,5,3999.0,2018,6,28,Thursday
HXP,Zumba 6.15-7.15pm,2018-06-05,18:15:00,25,21,1299.0,2018,6,5,Tuesday
HXP,Zumba 6.15-7.15pm,2018-06-12,18:15:00,25,24,1299.0,2018,6,12,Tuesday
HXP,Zumba 6.15-7.15pm,2018-06-19,18:15:00,25,24,1299.0,2018,6,19,Tuesday
HXP,Zumba 6.15-7.15pm,2018-06-26,18:15:00,25,22,1299.0,2018,6,26,Tuesday
HXP,Zumba 10.00-10.50.Am,2018-06-02,10:00:00,25,23,1299.0,2018,6,2,Saturday
HXP,Zumba 10.00-10.50.Am,2018-06-09,10:00:00,25,23,1299.0,2018,6,9,Saturday
HXP,Zumba 10.00-10.50.Am,2018-06-16,10:00:00,25,22,1299.0,2018,6,16,Saturday
HXP,Zumba 10.00-10.50.Am,2018-06-23,10:00:00,25,24,1299.0,2018,6,23,Saturday
HXP,Zumba 10.00-10.50.Am,2018-06-30,10:00:00,25,18,1299.0,2018,6,30,Saturday
NBL,20-20-20 9.30-10.30am,2018-06-05,9:30:00,60,29,499.0,2018,6,5,Tuesday
NBL,20-20-20 9.30-10.30am,2018-06-12,9:30:00,60,34,499.0,2018,6,12,Tuesday
NBL,20-20-20 9.30-10.30am,2018-06-19,9:30:00,60,19,499.0,2018,6,19,Tuesday
NBL,20-20-20 9.30-10.30am,2018-06-26,9:30:00,60,23,499.0,2018,6,26,Tuesday
NBL,20:20:20 9.30-10.30am,2018-06-07,9:30:00,60,17,499.0,2018,6,7,Thursday
NBL,20:20:20 9.30-10.30am,2018-06-14,9:30:00,60,14,499.0,2018,6,14,Thursday
NBL,20:20:20 9.30-10.30am,2018-06-21,9:30:00,60,13,499.0,2018,6,21,Thursday
NBL,20:20:20 9.30-10.30am,2018-06-28,9:30:00,60,15,499.0,2018,6,28,Thursday
NBL,B L T Antenatal Mums,2018-06-20,9:45:00,40,1,1499.0,2018,6,20,Wednesday
NBL,B L T Chair Based,2018-06-07,12:40:00,50,10,1499.0,2018,6,7,Thursday
NBL,B L T Exercise,2018-06-12,11:00:00,40,1,1499.0,2018,6,12,Tuesday
NBL,Barre Pilates   12-1pm,2018-06-02,12:00:00,60,15,2999.0,2018,6,2,Saturday
NBL,Barre Pilates   12-1pm,2018-06-09,12:00:00,60,14,2999.0,2018,6,9,Saturday
NBL,Barre Pilates   12-1pm,2018-06-16,12:00:00,60,9,2999.0,2018,6,16,Saturday
NBL,Barre Pilates   12-1pm,2018-06-23,12:00:00,60,11,2999.0,2018,6,23,Saturday
NBL,Barre Pilates   12-1pm,2018-06-30,12:00:00,60,9,2999.0,2018,6,30,Saturday
NBL,Body Combat 5.30-6.30pm,2018-06-07,17:30:00,60,16,1499.0,2018,6,7,Thursday
NBL,Body Combat 5.30-6.30pm,2018-06-14,17:30:00,60,18,1499.0,2018,6,14,Thursday
NBL,Body Combat 5.30-6.30pm,2018-06-21,17:30:00,60,16,1499.0,2018,6,21,Thursday
NBL,Body Combat 5.30-6.30pm,2018-06-28,17:30:00,60,11,1499.0,2018,6,28,Thursday
NBL,Body Combat 6.45-7.45pm,2018-06-04,18:45:00,60,10,1499.0,2018,6,4,Monday
NBL,Body Combat 6.45-7.45pm,2018-06-11,18:45:00,60,14,1499.0,2018,6,11,Monday
NBL,Body Combat 6.45-7.45pm,2018-06-18,18:45:00,60,22,1499.0,2018,6,18,Monday
NBL,Body Cond 5.45-6.45pm,2018-06-13,17:45:00,60,19,1299.0,2018,6,13,Wednesday
NBL,Body Cond 5.45-6.45pm,2018-06-20,17:45:00,60,15,1299.0,2018,6,20,Wednesday
NBL,Body Cond 5.45-6.45pm,2018-06-27,17:45:00,60,10,1299.0,2018,6,27,Wednesday
NBL,Body Cond 6.30-7.30pm,2018-06-05,18:30:00,60,27,1299.0,2018,6,5,Tuesday
NBL,Body Cond 6.30-7.30pm,2018-06-12,18:30:00,60,36,1299.0,2018,6,12,Tuesday
NBL,Body Cond 6.30-7.30pm,2018-06-19,18:30:00,60,19,1299.0,2018,6,19,Tuesday
NBL,Body Cond 6.30-7.30pm,2018-06-26,18:30:00,60,19,1299.0,2018,6,26,Tuesday
NBL,Body Cond 12.45-1.45pm,2018-06-01,12:45:00,60,5,1299.0,2018,6,1,Friday
NBL,Body Cond 12.45-1.45pm,2018-06-08,12:45:00,60,6,1299.0,2018,6,8,Friday
NBL,Body Cond 12.45-1.45pm,2018-06-15,12:45:00,60,9,1299.0,2018,6,15,Friday
NBL,Body Cond 12.45-1.45pm,2018-06-22,12:45:00,60,5,1299.0,2018,6,22,Friday
NBL,Body Cond 12.45-1.45pm,2018-06-29,12:45:00,60,3,1299.0,2018,6,29,Friday
NBL,Body Cond 1745-1845,2018-06-06,17:45:00,60,11,1299.0,2018,6,6,Wednesday
NBL,Body Pump  5.45-6.45pm,2018-06-04,17:45:00,60,35,1999.0,2018,6,4,Monday
NBL,Body Pump  5.45-6.45pm,2018-06-11,17:45:00,60,38,1999.0,2018,6,11,Monday
NBL,Body Pump  5.45-6.45pm,2018-06-18,17:45:00,60,30,1999.0,2018,6,18,Monday
NBL,Body Pump  5.45-6.45pm,2018-06-25,17:45:00,60,28,1999.0,2018,6,25,Monday
NBL,Body Pump 8.00-9.00pm,2018-06-07,20:00:00,60,21,1999.0,2018,6,7,Thursday
NBL,Body Pump 8.00-9.00pm,2018-06-14,20:00:00,60,30,1999.0,2018,6,14,Thursday
NBL,Body Pump 8.00-9.00pm,2018-06-21,20:00:00,60,20,1999.0,2018,6,21,Thursday
NBL,Body Pump 8.00-9.00pm,2018-06-28,20:00:00,60,7,1999.0,2018,6,28,Thursday
NBL,Body Pump 9.00-10.00am,2018-06-02,9:00:00,60,20,1999.0,2018,6,2,Saturday
NBL,Body Pump 9.00-10.00am,2018-06-09,9:00:00,60,22,1999.0,2018,6,9,Saturday
NBL,Body Pump 9.00-10.00am,2018-06-16,9:00:00,60,17,1999.0,2018,6,16,Saturday
NBL,Body Pump 9.00-10.00am,2018-06-23,9:00:00,60,30,1999.0,2018,6,23,Saturday
NBL,Body Pump 9.00-10.00am,2018-06-30,9:00:00,60,26,1999.0,2018,6,30,Saturday
NBL,Body Pump 12.30-1.30pm,2018-06-07,12:30:00,60,12,1999.0,2018,6,7,Thursday
NBL,Body Pump 12.30-1.30pm,2018-06-14,12:30:00,60,11,1999.0,2018,6,14,Thursday
NBL,Body Pump 12.30-1.30pm,2018-06-21,12:30:00,60,6,1999.0,2018,6,21,Thursday
NBL,Body Pump 12.30-1.30pm,2018-06-28,12:30:00,60,11,1999.0,2018,6,28,Thursday
NBL,Chair Based Exercise,2018-06-14,13:00:00,50,3,1999.0,2018,6,14,Thursday
NBL,Chair Based Exercise,2018-06-28,13:00:00,50,5,1999.0,2018,6,28,Thursday
NBL,Circuits 8.00-9.00pm Edit,2018-06-04,20:00:00,60,14,2999.0,2018,6,4,Monday
NBL,Circuits 8.00-9.00pm Edit,2018-06-11,20:00:00,60,13,2999.0,2018,6,11,Monday
NBL,Circuits 8.00-9.00pm Edit,2018-06-18,20:00:00,60,17,2999.0,2018,6,18,Monday
NBL,Circuits 8.00-9.00pm Edit,2018-06-25,20:00:00,60,9,2999.0,2018,6,25,Monday
NBL,Gentle Keep Fit 11-12pm,2018-06-04,11:00:00,60,11,999.0,2018,6,4,Monday
NBL,Gentle Keep Fit 11-12pm,2018-06-11,11:00:00,60,28,999.0,2018,6,11,Monday
NBL,Gentle Keep Fit 11-12pm,2018-06-18,11:00:00,60,31,999.0,2018,6,18,Monday
NBL,Gentle Keep Fit 11-12pm,2018-06-25,11:00:00,60,30,999.0,2018,6,25,Monday
NBL,Gentlekeepfit 10.30-11.30,2018-06-07,10:30:00,60,22,999.0,2018,6,7,Thursday
NBL,Gentlekeepfit 10.30-11.30,2018-06-14,10:30:00,60,22,999.0,2018,6,14,Thursday
NBL,Gentlekeepfit 10.30-11.30,2018-06-21,10:30:00,60,14,999.0,2018,6,21,Thursday
NBL,Gentlekeepfit 10.30-11.30,2018-06-28,10:30:00,60,10,999.0,2018,6,28,Thursday
NBL,Jnr Gym Ind 3.30-5.00pm,2018-06-01,15:30:00,2,1,2999.0,2018,6,1,Friday
NBL,Jnr Gym Ind 3.30-5.00pm,2018-06-06,15:30:00,2,1,2999.0,2018,6,6,Wednesday
NBL,Jnr Gym Ind 3.30-5.00pm,2018-06-08,15:30:00,2,1,2999.0,2018,6,8,Friday
NBL,Jnr Gym Ind 3.30-5.00pm,2018-06-15,15:30:00,2,1,2999.0,2018,6,15,Friday
NBL,Jnr Gym Ind 3.30-5.00pm,2018-06-20,15:30:00,2,1,2999.0,2018,6,20,Wednesday
NBL,Jnr Gym Ind 3.30-5.00pm,2018-06-25,15:30:00,2,1,2999.0,2018,6,25,Monday
NBL,Line Dance 10.45-11.45am,2018-06-05,10:45:00,70,45,1499.0,2018,6,5,Tuesday
NBL,Line Dance 10.45-11.45am,2018-06-12,10:45:00,70,49,1499.0,2018,6,12,Tuesday
NBL,Line Dance 10.45-11.45am,2018-06-19,10:45:00,70,52,1499.0,2018,6,19,Tuesday
NBL,Line Dance 10.45-11.45am,2018-06-26,10:45:00,70,46,1499.0,2018,6,26,Tuesday
NBL,Line Dance 11.45-12.45pm,2018-06-05,11:45:00,70,19,1499.0,2018,6,5,Tuesday
NBL,Line Dance 11.45-12.45pm,2018-06-12,11:45:00,70,23,1499.0,2018,6,12,Tuesday
NBL,Line Dance 11.45-12.45pm,2018-06-19,11:45:00,70,26,1499.0,2018,6,19,Tuesday
NBL,Line Dance 11.45-12.45pm,2018-06-26,11:45:00,70,26,1499.0,2018,6,26,Tuesday
NBL,Line Dancing  11-12.30pm,2018-06-01,11:00:00,70,11,1499.0,2018,6,1,Friday
NBL,Line Dancing  11-12.30pm,2018-06-08,11:00:00,70,16,1499.0,2018,6,8,Friday
NBL,Line Dancing  11-12.30pm,2018-06-15,11:00:00,70,21,1499.0,2018,6,15,Friday
NBL,Line Dancing  11-12.30pm,2018-06-22,11:00:00,70,17,1499.0,2018,6,22,Friday
NBL,Line Dancing  11-12.30pm,2018-06-29,11:00:00,70,15,1499.0,2018,6,29,Friday
NBL,Nice & Easy 9.15-10.15am,2018-06-06,9:15:00,60,20,999.0,2018,6,6,Wednesday
NBL,Nice & Easy 9.15-10.15am,2018-06-13,9:15:00,60,19,999.0,2018,6,13,Wednesday
NBL,Nice & Easy 9.15-10.15am,2018-06-20,9:15:00,60,13,999.0,2018,6,20,Wednesday
NBL,Nice & Easy 9.15-10.15am,2018-06-27,9:15:00,60,18,999.0,2018,6,27,Wednesday
NBL,Nice & Easy 10.00-10.45am,2018-06-05,10:00:00,40,19,999.0,2018,6,5,Tuesday
NBL,Nice & Easy 10.00-10.45am,2018-06-12,10:00:00,40,17,999.0,2018,6,12,Tuesday
NBL,Nice & Easy 10.00-10.45am,2018-06-19,10:00:00,40,18,999.0,2018,6,19,Tuesday
NBL,Nice & Easy 10.00-10.45am,2018-06-26,10:00:00,40,15,999.0,2018,6,26,Tuesday
NBL,Nice & Easy 11.30-12.30pm,2018-06-07,11:30:00,60,11,999.0,2018,6,7,Thursday
NBL,Nice & Easy 11.30-12.30pm,2018-06-14,11:30:00,60,15,999.0,2018,6,14,Thursday
NBL,Nice & Easy 11.30-12.30pm,2018-06-21,11:30:00,60,15,999.0,2018,6,21,Thursday
NBL,Nice & Easy 11.30-12.30pm,2018-06-28,11:30:00,60,6,999.0,2018,6,28,Thursday
NBL,Pilates 1.45-2.45pm,2018-06-05,13:45:00,60,38,2999.0,2018,6,5,Tuesday
NBL,Pilates 1.45-2.45pm,2018-06-12,13:45:00,60,39,2999.0,2018,6,12,Tuesday
NBL,Pilates 1.45-2.45pm,2018-06-19,13:45:00,60,32,2999.0,2018,6,19,Tuesday
NBL,Pilates 1.45-2.45pm,2018-06-26,13:45:00,60,34,2999.0,2018,6,26,Tuesday
NBL,Pilates 5.00-5.45pm,2018-06-06,17:00:00,60,20,2999.0,2018,6,6,Wednesday
NBL,Pilates 5.00-5.45pm,2018-06-13,17:00:00,60,25,2999.0,2018,6,13,Wednesday
NBL,Pilates 5.00-5.45pm,2018-06-20,17:00:00,60,23,2999.0,2018,6,20,Wednesday
NBL,Pilates 5.00-5.45pm,2018-06-27,17:00:00,60,22,2999.0,2018,6,27,Wednesday
NBL,Pilates 6.45-7.45pm,2018-06-07,18:45:00,60,29,2999.0,2018,6,7,Thursday
NBL,Pilates 6.45-7.45pm,2018-06-14,18:45:00,60,20,2999.0,2018,6,14,Thursday
NBL,Pilates 6.45-7.45pm,2018-06-21,18:45:00,60,27,2999.0,2018,6,21,Thursday
NBL,Pilates 6.45-7.45pm,2018-06-28,18:45:00,60,19,2999.0,2018,6,28,Thursday
NBL,Pilates 10.00-11.00am,2018-06-01,10:00:00,60,22,2999.0,2018,6,1,Friday
NBL,Pilates 10.00-11.00am,2018-06-08,10:00:00,60,22,2999.0,2018,6,8,Friday
NBL,Pilates 10.00-11.00am,2018-06-15,10:00:00,60,21,2999.0,2018,6,15,Friday
NBL,Pilates 10.00-11.00am,2018-06-22,10:00:00,60,22,2999.0,2018,6,22,Friday
NBL,Pilates 10.00-11.00am,2018-06-29,10:00:00,60,15,2999.0,2018,6,29,Friday
NBL,Pilates 14:45- 15:45,2018-06-07,14:45:00,60,8,2999.0,2018,6,7,Thursday
NBL,Pilates 14:45- 15:45,2018-06-14,14:45:00,60,20,2999.0,2018,6,14,Thursday
NBL,Pilates 14:45- 15:45,2018-06-21,14:45:00,60,11,2999.0,2018,6,21,Thursday
NBL,Pilates 14:45- 15:45,2018-06-28,14:45:00,60,12,2999.0,2018,6,28,Thursday
NBL,Power Yoga 10.00-11.00am,2018-06-04,10:00:00,70,10,2499.0,2018,6,4,Monday
NBL,Power Yoga 10.00-11.00am,2018-06-11,10:00:00,70,20,2499.0,2018,6,11,Monday
NBL,Power Yoga 10.00-11.00am,2018-06-18,10:00:00,70,21,2499.0,2018,6,18,Monday
NBL,Power Yoga 10.00-11.00am,2018-06-25,10:00:00,70,22,2499.0,2018,6,25,Monday
NBL,Power Yoga 10.15-11.15am,2018-06-06,10:15:00,60,20,2499.0,2018,6,6,Wednesday
NBL,Power Yoga 10.15-11.15am,2018-06-13,10:15:00,60,2,2499.0,2018,6,13,Wednesday
NBL,Power Yoga 10.15-11.15am,2018-06-20,10:15:00,60,29,2499.0,2018,6,20,Wednesday
NBL,Power Yoga 10.15-11.15am,2018-06-27,10:15:00,60,13,2499.0,2018,6,27,Wednesday
NBL,Pump  8.15-9.15pm,2018-06-05,20:15:00,60,22,2999.0,2018,6,5,Tuesday
NBL,Pump  8.15-9.15pm,2018-06-12,20:15:00,60,16,2999.0,2018,6,12,Tuesday
NBL,Pump  8.15-9.15pm,2018-06-19,20:15:00,60,13,2999.0,2018,6,19,Tuesday
NBL,Pump  8.15-9.15pm,2018-06-26,20:15:00,60,9,2999.0,2018,6,26,Tuesday
NBL,Purestretch 6.45-7.45pm,2018-06-25,18:45:00,70,19,999.0,2018,6,25,Monday
NBL,Sh`Bam   6.30-7.30pm,2018-06-01,18:30:00,70,20,999.0,2018,6,1,Friday
NBL,Sh`Bam   6.30-7.30pm,2018-06-08,18:30:00,70,26,999.0,2018,6,8,Friday
NBL,Sh`Bam   6.30-7.30pm,2018-06-15,18:30:00,70,17,999.0,2018,6,15,Friday
NBL,Sh`Bam   6.30-7.30pm,2018-06-22,18:30:00,70,19,999.0,2018,6,22,Friday
NBL,Sh`Bam   6.30-7.30pm,2018-06-29,18:30:00,70,17,999.0,2018,6,29,Friday
NBL,Sh`Bam  7.30-8.15pm,2018-06-05,19:30:00,70,35,999.0,2018,6,5,Tuesday
NBL,Sh`Bam  7.30-8.15pm,2018-06-12,19:30:00,70,35,999.0,2018,6,12,Tuesday
NBL,Sh`Bam  7.30-8.15pm,2018-06-19,19:30:00,70,23,999.0,2018,6,19,Tuesday
NBL,Sh`Bam  7.30-8.15pm,2018-06-26,19:30:00,70,24,999.0,2018,6,26,Tuesday
NBL,Sha`Bam  11.00-12.00pm,2018-06-02,11:00:00,70,15,999.0,2018,6,2,Saturday
NBL,Sha`Bam  11.00-12.00pm,2018-06-09,11:00:00,70,21,999.0,2018,6,9,Saturday
NBL,Sha`Bam  11.00-12.00pm,2018-06-16,11:00:00,70,9,999.0,2018,6,16,Saturday
NBL,Sha`Bam  11.00-12.00pm,2018-06-23,11:00:00,70,13,999.0,2018,6,23,Saturday
NBL,Sha`Bam  11.00-12.00pm,2018-06-30,11:00:00,70,11,999.0,2018,6,30,Saturday
NBL,Step Aerobics 5.45-6.30pm,2018-06-05,17:45:00,60,30,1999.0,2018,6,5,Tuesday
NBL,Step Aerobics 5.45-6.30pm,2018-06-12,17:45:00,60,26,1999.0,2018,6,12,Tuesday
NBL,Step Aerobics 5.45-6.30pm,2018-06-19,17:45:00,60,17,1999.0,2018,6,19,Tuesday
NBL,Step Aerobics 5.45-6.30pm,2018-06-26,17:45:00,60,19,1999.0,2018,6,26,Tuesday
NBL,Step Aerobics 10-11.00am,2018-06-02,10:00:00,60,24,1999.0,2018,6,2,Saturday
NBL,Step Aerobics 10-11.00am,2018-06-09,10:00:00,60,22,1999.0,2018,6,9,Saturday
NBL,Step Aerobics 10-11.00am,2018-06-16,10:00:00,60,15,1999.0,2018,6,16,Saturday
NBL,Step Aerobics 10-11.00am,2018-06-23,10:00:00,60,22,1999.0,2018,6,23,Saturday
NBL,Step Aerobics 10-11.00am,2018-06-30,10:00:00,60,9,1999.0,2018,6,30,Saturday
NBL,Strength&stretch1230-1330,2018-06-06,12:30:00,60,8,2999.0,2018,6,6,Wednesday
NBL,Strength&stretch1230-1330,2018-06-13,12:30:00,60,6,2999.0,2018,6,13,Wednesday
NBL,Strength&stretch1230-1330,2018-06-20,12:30:00,60,6,2999.0,2018,6,20,Wednesday
NBL,Strength&stretch1230-1330,2018-06-27,12:30:00,60,5,2999.0,2018,6,27,Wednesday
NBL,Tai Chi 2.00-3.00pm,2018-06-04,14:00:00,60,12,3999.0,2018,6,4,Monday
NBL,Tai Chi 2.00-3.00pm,2018-06-11,14:00:00,60,20,3999.0,2018,6,11,Monday
NBL,Tai Chi 2.00-3.00pm,2018-06-18,14:00:00,60,15,3999.0,2018,6,18,Monday
NBL,Tai Chi 2.00-3.00pm,2018-06-25,14:00:00,60,8,3999.0,2018,6,25,Monday
NBL,Tap Dancing 11.15-12.15pm,2018-06-06,11:15:00,60,11,1999.0,2018,6,6,Wednesday
NBL,Tap Dancing 11.15-12.15pm,2018-06-13,11:15:00,60,1,1999.0,2018,6,13,Wednesday
NBL,Tap Dancing 11.15-12.15pm,2018-06-20,11:15:00,60,14,1999.0,2018,6,20,Wednesday
NBL,Tap Dancing 11.15-12.15pm,2018-06-27,11:15:00,60,12,1999.0,2018,6,27,Wednesday
NBL,Tap Dancing 12-1.30pm,2018-06-04,12:00:00,60,4,1999.0,2018,6,4,Monday
NBL,Tap Dancing 12-1.30pm,2018-06-11,12:00:00,60,12,1999.0,2018,6,11,Monday
NBL,Tap Dancing 12-1.30pm,2018-06-18,12:00:00,60,10,1999.0,2018,6,18,Monday
NBL,Tap Dancing 12-1.30pm,2018-06-25,12:00:00,60,2,1999.0,2018,6,25,Monday
NBL,Zumba 9.30-10.30am,2018-06-03,9:30:00,60,23,1299.0,2018,6,3,Sunday
NBL,Zumba 9.30-10.30am,2018-06-10,9:30:00,60,23,1299.0,2018,6,10,Sunday
NBL,Zumba 9.30-10.30am,2018-06-17,9:30:00,60,34,1299.0,2018,6,17,Sunday
NBL,Zumba 9.30-10.30am,2018-06-24,9:30:00,60,22,1299.0,2018,6,24,Sunday
NBL,Zumba Gold 1.45-2.45pm,2018-06-07,13:45:00,60,18,1999.0,2018,6,7,Thursday
NBL,Zumba Gold 1.45-2.45pm,2018-06-14,13:45:00,60,23,1999.0,2018,6,14,Thursday
NBL,Zumba Gold 1.45-2.45pm,2018-06-21,13:45:00,60,25,1999.0,2018,6,21,Thursday
NBL,Zumba Gold 1.45-2.45pm,2018-06-28,13:45:00,60,20,1999.0,2018,6,28,Thursday
NBL,Zumba Gold 12.45-1.45pm,2018-06-05,12:45:00,60,38,1999.0,2018,6,5,Tuesday
NBL,Zumba Gold 12.45-1.45pm,2018-06-12,12:45:00,60,39,1999.0,2018,6,12,Tuesday
NBL,Zumba Gold 12.45-1.45pm,2018-06-19,12:45:00,60,33,1999.0,2018,6,19,Tuesday
NBL,Zumba Gold 12.45-1.45pm,2018-06-26,12:45:00,60,36,1999.0,2018,6,26,Tuesday
SBP,20-20-20 9.30-10.30am,2018-06-06,9:30:00,35,15,499.0,2018,6,6,Wednesday
SBP,20-20-20 9.30-10.30am,2018-06-13,9:30:00,35,20,499.0,2018,6,13,Wednesday
SBP,20-20-20 9.30-10.30am,2018-06-20,9:30:00,35,14,499.0,2018,6,20,Wednesday
SBP,20-20-20 9.30-10.30am,2018-06-27,9:30:00,35,23,499.0,2018,6,27,Wednesday
SBP,45min Madness 9.15-10am,2018-06-05,9:15:00,35,11,1499.0,2018,6,5,Tuesday
SBP,45min Madness 9.15-10am,2018-06-12,9:15:00,35,18,1499.0,2018,6,12,Tuesday
SBP,45min Madness 9.15-10am,2018-06-19,9:15:00,35,17,1499.0,2018,6,19,Tuesday
SBP,45min Madness 9.15-10am,2018-06-26,9:15:00,35,15,1499.0,2018,6,26,Tuesday
SBP,Abs Blast 7.45-8.15am,2018-06-05,7:45:00,20,1,999.0,2018,6,5,Tuesday
SBP,Abs Blast 7.45-8.15am,2018-06-12,7:45:00,20,2,999.0,2018,6,12,Tuesday
SBP,Abs Blast 7.45-8.15am,2018-06-19,7:45:00,20,1,999.0,2018,6,19,Tuesday
SBP,Abs Blast 7.45-8.15am,2018-06-26,7:45:00,20,1,999.0,2018,6,26,Tuesday
SBP,Aqua Babies 9.30-10.00am,2018-06-01,9:30:00,10,6,1499.0,2018,6,1,Friday
SBP,Aqua Babies 9.30-10.00am,2018-06-08,9:30:00,10,7,1499.0,2018,6,8,Friday
SBP,Aqua Babies 9.30-10.00am,2018-06-15,9:30:00,10,8,1499.0,2018,6,15,Friday
SBP,Aqua Babies 9.30-10.00am,2018-06-22,9:30:00,10,5,1499.0,2018,6,22,Friday
SBP,Aqua Babies 9.30-10.00am,2018-06-29,9:30:00,10,10,1499.0,2018,6,29,Friday
SBP,Aqua Babies 12 -12.30am,2018-06-04,12:00:00,10,8,1499.0,2018,6,4,Monday
SBP,Aqua Babies 12 -12.30am,2018-06-11,12:00:00,10,5,1499.0,2018,6,11,Monday
SBP,Aqua Babies 12 -12.30am,2018-06-18,12:00:00,10,10,1499.0,2018,6,18,Monday
SBP,Aqua Babies 12 -12.30am,2018-06-25,12:00:00,10,6,1499.0,2018,6,25,Monday
SBP,Aqua Fit 3.00-3.50pm,2018-06-05,15:00:00,35,20,999.0,2018,6,5,Tuesday
SBP,Aqua Fit 3.00-3.50pm,2018-06-12,15:00:00,35,21,999.0,2018,6,12,Tuesday
SBP,Aqua Fit 3.00-3.50pm,2018-06-19,15:00:00,35,20,999.0,2018,6,19,Tuesday
SBP,Aqua Fit 3.00-3.50pm,2018-06-26,15:00:00,35,23,999.0,2018,6,26,Tuesday
SBP,Aqua Fit 11.15-12.00,2018-06-04,11:15:00,35,32,999.0,2018,6,4,Monday
SBP,Aqua Fit 11.15-12.00,2018-06-11,11:15:00,35,34,999.0,2018,6,11,Monday
SBP,Aqua Fit 11.15-12.00,2018-06-18,11:15:00,35,35,999.0,2018,6,18,Monday
SBP,Aqua Fit 11.15-12.00,2018-06-25,11:15:00,35,35,999.0,2018,6,25,Monday
SBP,Aqua Tots 9.00-9.30am,2018-06-01,9:00:00,10,4,999.0,2018,6,1,Friday
SBP,Aqua Tots 9.00-9.30am,2018-06-08,9:00:00,10,6,999.0,2018,6,8,Friday
SBP,Aqua Tots 9.00-9.30am,2018-06-15,9:00:00,10,4,999.0,2018,6,15,Friday
SBP,Aqua Tots 9.00-9.30am,2018-06-22,9:00:00,10,2,999.0,2018,6,22,Friday
SBP,Aqua Tots 9.00-9.30am,2018-06-29,9:00:00,10,2,999.0,2018,6,29,Friday
SBP,Aqua Tots 10.00-10.30am,2018-06-01,10:00:00,10,4,999.0,2018,6,1,Friday
SBP,Aqua Tots 10.00-10.30am,2018-06-08,10:00:00,10,7,999.0,2018,6,8,Friday
SBP,Aqua Tots 10.00-10.30am,2018-06-15,10:00:00,10,8,999.0,2018,6,15,Friday
SBP,Aqua Tots 10.00-10.30am,2018-06-22,10:00:00,10,7,999.0,2018,6,22,Friday
SBP,Aqua Tots 10.00-10.30am,2018-06-29,10:00:00,10,6,999.0,2018,6,29,Friday
SBP,Aqua Tots & Babies 10.30-,2018-06-01,10:30:00,10,8,1499.0,2018,6,1,Friday
SBP,Aqua Tots & Babies 10.30-,2018-06-08,10:30:00,10,5,1499.0,2018,6,8,Friday
SBP,Aqua Tots & Babies 10.30-,2018-06-15,10:30:00,10,9,1499.0,2018,6,15,Friday
SBP,Aqua Tots & Babies 10.30-,2018-06-22,10:30:00,10,8,1499.0,2018,6,22,Friday
SBP,Aqua Tots & Babies 10.30-,2018-06-29,10:30:00,10,10,1499.0,2018,6,29,Friday
SBP,Aquababies/tots 12-12.30,2018-06-06,12:00:00,10,7,1499.0,2018,6,6,Wednesday
SBP,Aquababies/tots 12-12.30,2018-06-13,12:00:00,10,8,1499.0,2018,6,13,Wednesday
SBP,Aquababies/tots 12-12.30,2018-06-20,12:00:00,10,10,1499.0,2018,6,20,Wednesday
SBP,Aquababies/tots 12-12.30,2018-06-27,12:00:00,10,4,1499.0,2018,6,27,Wednesday
SBP,Aquafit 6.00-7.00pm,2018-06-06,18:00:00,35,32,999.0,2018,6,6,Wednesday
SBP,Aquafit 6.00-7.00pm,2018-06-13,18:00:00,35,31,999.0,2018,6,13,Wednesday
SBP,Aquafit 6.00-7.00pm,2018-06-20,18:00:00,35,35,999.0,2018,6,20,Wednesday
SBP,Aquafit 6.00-7.00pm,2018-06-27,18:00:00,35,33,999.0,2018,6,27,Wednesday
SBP,Aquafit  7.00-8.00pm,2018-06-01,19:00:00,35,34,999.0,2018,6,1,Friday
SBP,Aquafit  7.00-8.00pm,2018-06-08,19:00:00,35,33,999.0,2018,6,8,Friday
SBP,Aquafit  7.00-8.00pm,2018-06-15,19:00:00,35,29,999.0,2018,6,15,Friday
SBP,Aquafit  7.00-8.00pm,2018-06-22,19:00:00,35,25,999.0,2018,6,22,Friday
SBP,Aquafit  7.00-8.00pm,2018-06-29,19:00:00,35,33,999.0,2018,6,29,Friday
SBP,Aquafit 7.00-8.00pm,2018-06-04,19:00:00,35,29,999.0,2018,6,4,Monday
SBP,Aquafit 7.00-8.00pm,2018-06-11,19:00:00,35,34,999.0,2018,6,11,Monday
SBP,Aquafit 7.00-8.00pm,2018-06-18,19:00:00,35,30,999.0,2018,6,18,Monday
SBP,Aquafit 7.00-8.00pm,2018-06-25,19:00:00,35,34,999.0,2018,6,25,Monday
SBP,Aquatots 12.30- 13.00pm,2018-06-04,12:30:00,10,2,999.0,2018,6,4,Monday
SBP,Aquatots 12.30- 13.00pm,2018-06-11,12:30:00,10,3,999.0,2018,6,11,Monday
SBP,Aquatots 12.30- 13.00pm,2018-06-18,12:30:00,10,4,999.0,2018,6,18,Monday
SBP,Aquatots 12.30- 13.00pm,2018-06-25,12:30:00,10,1,999.0,2018,6,25,Monday
SBP,Ballroom Dance 2.30-3.30,2018-06-08,14:30:00,35,9,2999.0,2018,6,8,Friday
SBP,Ballroom Dance 2.30-3.30,2018-06-15,14:30:00,35,12,2999.0,2018,6,15,Friday
SBP,Ballroom Dance 2.30-3.30,2018-06-22,14:30:00,35,6,2999.0,2018,6,22,Friday
SBP,Ballroom Dance 2.30-3.30,2018-06-29,14:30:00,35,6,2999.0,2018,6,29,Friday
SBP,Better Living Team 2pm,2018-06-11,14:00:00,25,21,1499.0,2018,6,11,Monday
SBP,Better Living Team 2pm,2018-06-18,14:00:00,25,9,1499.0,2018,6,18,Monday
SBP,Better Living Team 2pm,2018-06-25,14:00:00,25,14,1499.0,2018,6,25,Monday
SBP,Body Balan 11.30-12.30pm,2018-06-03,11:30:00,35,20,2499.0,2018,6,3,Sunday
SBP,Body Balan 11.30-12.30pm,2018-06-10,11:30:00,35,13,2499.0,2018,6,10,Sunday
SBP,Body Balan 11.30-12.30pm,2018-06-17,11:30:00,35,10,2499.0,2018,6,17,Sunday
SBP,Body Balan 11.30-12.30pm,2018-06-24,11:30:00,35,7,2499.0,2018,6,24,Sunday
SBP,Body Balance 7pm-8pm,2018-06-06,19:00:00,35,35,2499.0,2018,6,6,Wednesday
SBP,Body Balance 7pm-8pm,2018-06-13,19:00:00,35,27,2499.0,2018,6,13,Wednesday
SBP,Body Balance 7pm-8pm,2018-06-20,19:00:00,35,32,2499.0,2018,6,20,Wednesday
SBP,Body Balance 7pm-8pm,2018-06-27,19:00:00,35,19,2499.0,2018,6,27,Wednesday
SBP,Body Balance 11-12pm,2018-06-05,11:00:00,35,11,2499.0,2018,6,5,Tuesday
SBP,Body Balance 11-12pm,2018-06-07,11:00:00,35,12,2499.0,2018,6,7,Thursday
SBP,Body Balance 11-12pm,2018-06-08,11:00:00,35,14,2499.0,2018,6,8,Friday
SBP,Body Balance 11-12pm,2018-06-12,11:00:00,35,16,2499.0,2018,6,12,Tuesday
SBP,Body Balance 11-12pm,2018-06-14,11:00:00,35,15,2499.0,2018,6,14,Thursday
SBP,Body Balance 11-12pm,2018-06-15,11:00:00,35,15,2499.0,2018,6,15,Friday
SBP,Body Balance 11-12pm,2018-06-19,11:00:00,35,14,2499.0,2018,6,19,Tuesday
SBP,Body Balance 11-12pm,2018-06-21,11:00:00,35,16,2499.0,2018,6,21,Thursday
SBP,Body Balance 11-12pm,2018-06-22,11:00:00,35,11,2499.0,2018,6,22,Friday
SBP,Body Balance 11-12pm,2018-06-26,11:00:00,35,14,2499.0,2018,6,26,Tuesday
SBP,Body Balance 11-12pm,2018-06-28,11:00:00,35,13,2499.0,2018,6,28,Thursday
SBP,Body Balance 11-12pm,2018-06-29,11:00:00,35,9,2499.0,2018,6,29,Friday
SBP,Body Balance 11.30-12.30,2018-06-02,11:30:00,30,17,2499.0,2018,6,2,Saturday
SBP,Body Balance 11.30-12.30,2018-06-09,11:30:00,30,16,2499.0,2018,6,9,Saturday
SBP,Body Balance 11.30-12.30,2018-06-16,11:30:00,30,17,2499.0,2018,6,16,Saturday
SBP,Body Balance 11.30-12.30,2018-06-23,11:30:00,30,14,2499.0,2018,6,23,Saturday
SBP,Body Balance 11.30-12.30,2018-06-30,11:30:00,30,12,2499.0,2018,6,30,Saturday
SBP,Body Balance 12.30-1.30pm,2018-06-04,12:30:00,35,4,2499.0,2018,6,4,Monday
SBP,Body Balance 12.30-1.30pm,2018-06-11,12:30:00,35,6,2499.0,2018,6,11,Monday
SBP,Body Balance 12.30-1.30pm,2018-06-18,12:30:00,35,9,2499.0,2018,6,18,Monday
SBP,Body Balance 12.30-1.30pm,2018-06-25,12:30:00,35,12,2499.0,2018,6,25,Monday
SBP,Body Combat   5.00-6.00pm,2018-06-04,17:00:00,35,11,1499.0,2018,6,4,Monday
SBP,Body Combat   5.00-6.00pm,2018-06-11,17:00:00,35,14,1499.0,2018,6,11,Monday
SBP,Body Combat   5.00-6.00pm,2018-06-18,17:00:00,35,20,1499.0,2018,6,18,Monday
SBP,Body Combat   5.00-6.00pm,2018-06-25,17:00:00,35,17,1499.0,2018,6,25,Monday
SBP,Body Combat 5.00-6.00pm,2018-06-06,17:00:00,35,30,1499.0,2018,6,6,Wednesday
SBP,Body Combat 5.00-6.00pm,2018-06-13,17:00:00,35,23,1499.0,2018,6,13,Wednesday
SBP,Body Combat 5.00-6.00pm,2018-06-20,17:00:00,35,29,1499.0,2018,6,20,Wednesday
SBP,Body Combat 5.00-6.00pm,2018-06-27,17:00:00,35,28,1499.0,2018,6,27,Wednesday
SBP,Body Combat 6-7.00pm,2018-06-01,18:00:00,35,29,1499.0,2018,6,1,Friday
SBP,Body Combat 6-7.00pm,2018-06-08,18:00:00,35,34,1499.0,2018,6,8,Friday
SBP,Body Combat 6-7.00pm,2018-06-22,18:00:00,35,27,1499.0,2018,6,22,Friday
SBP,Body Combat 6-7.00pm,2018-06-29,18:00:00,35,26,1499.0,2018,6,29,Friday
SBP,Body Combat 7.00-8.00pm,2018-06-04,19:00:00,40,38,1499.0,2018,6,4,Monday
SBP,Body Combat 7.00-8.00pm,2018-06-05,19:00:00,35,34,1499.0,2018,6,5,Tuesday
SBP,Body Combat 7.00-8.00pm,2018-06-11,19:00:00,40,31,1499.0,2018,6,11,Monday
SBP,Body Combat 7.00-8.00pm,2018-06-12,19:00:00,35,25,1499.0,2018,6,12,Tuesday
SBP,Body Combat 7.00-8.00pm,2018-06-18,19:00:00,40,37,1499.0,2018,6,18,Monday
SBP,Body Combat 7.00-8.00pm,2018-06-19,19:00:00,35,30,1499.0,2018,6,19,Tuesday
SBP,Body Combat 7.00-8.00pm,2018-06-25,19:00:00,40,29,1499.0,2018,6,25,Monday
SBP,Body Combat 7.00-8.00pm,2018-06-26,19:00:00,35,26,1499.0,2018,6,26,Tuesday
SBP,Body Combat 9.15-10.15am,2018-06-03,9:15:00,35,34,1499.0,2018,6,3,Sunday
SBP,Body Combat 9.15-10.15am,2018-06-10,9:15:00,35,29,1499.0,2018,6,10,Sunday
SBP,Body Combat 9.15-10.15am,2018-06-17,9:15:00,35,33,1499.0,2018,6,17,Sunday
SBP,Body Combat 9.15-10.15am,2018-06-24,9:15:00,35,33,1499.0,2018,6,24,Sunday
SBP,Body Combat 10.00-11.00am,2018-06-07,10:00:00,40,20,1499.0,2018,6,7,Thursday
SBP,Body Combat 10.00-11.00am,2018-06-14,10:00:00,40,31,1499.0,2018,6,14,Thursday
SBP,Body Combat 10.00-11.00am,2018-06-21,10:00:00,40,26,1499.0,2018,6,21,Thursday
SBP,Body Combat 10.00-11.00am,2018-06-28,10:00:00,40,23,1499.0,2018,6,28,Thursday
SBP,Body Combat 10.30-11.30,2018-06-02,10:30:00,35,30,1499.0,2018,6,2,Saturday
SBP,Body Combat 10.30-11.30,2018-06-09,10:30:00,35,29,1499.0,2018,6,9,Saturday
SBP,Body Combat 10.30-11.30,2018-06-16,10:30:00,35,30,1499.0,2018,6,16,Saturday
SBP,Body Combat 10.30-11.30,2018-06-23,10:30:00,35,24,1499.0,2018,6,23,Saturday
SBP,Body Combat 10.30-11.30,2018-06-30,10:30:00,35,26,1499.0,2018,6,30,Saturday
SBP,Body Combat 11.30-12.30pm,2018-06-04,11:30:00,35,13,1499.0,2018,6,4,Monday
SBP,Body Combat 11.30-12.30pm,2018-06-11,11:30:00,35,15,1499.0,2018,6,11,Monday
SBP,Body Combat 11.30-12.30pm,2018-06-18,11:30:00,35,16,1499.0,2018,6,18,Monday
SBP,Body Combat 11.30-12.30pm,2018-06-25,11:30:00,35,12,1499.0,2018,6,25,Monday
SBP,Body Con 10.30-11.30am,2018-06-03,10:30:00,40,28,1299.0,2018,6,3,Sunday
SBP,Body Con 10.30-11.30am,2018-06-04,10:30:00,35,17,1299.0,2018,6,4,Monday
SBP,Body Con 10.30-11.30am,2018-06-10,10:30:00,40,29,1299.0,2018,6,10,Sunday
SBP,Body Con 10.30-11.30am,2018-06-11,10:30:00,35,26,1299.0,2018,6,11,Monday
SBP,Body Con 10.30-11.30am,2018-06-17,10:30:00,40,24,1299.0,2018,6,17,Sunday
SBP,Body Con 10.30-11.30am,2018-06-18,10:30:00,35,26,1299.0,2018,6,18,Monday
SBP,Body Con 10.30-11.30am,2018-06-24,10:30:00,40,20,1299.0,2018,6,24,Sunday
SBP,Body Con 10.30-11.30am,2018-06-25,10:30:00,35,18,1299.0,2018,6,25,Monday
SBP,Body Cond 5.00-6.00pm,2018-06-05,17:00:00,35,22,1299.0,2018,6,5,Tuesday
SBP,Body Cond 5.00-6.00pm,2018-06-12,17:00:00,35,31,1299.0,2018,6,12,Tuesday
SBP,Body Cond 5.00-6.00pm,2018-06-19,17:00:00,35,23,1299.0,2018,6,19,Tuesday
SBP,Body Cond 5.00-6.00pm,2018-06-26,17:00:00,35,24,1299.0,2018,6,26,Tuesday
SBP,Body Cond 10-11am,2018-06-01,10:00:00,35,11,1299.0,2018,6,1,Friday
SBP,Body Cond 10-11am,2018-06-08,10:00:00,35,27,1299.0,2018,6,8,Friday
SBP,Body Cond 10-11am,2018-06-15,10:00:00,35,23,1299.0,2018,6,15,Friday
SBP,Body Cond 10-11am,2018-06-22,10:00:00,35,17,1299.0,2018,6,22,Friday
SBP,Body Cond 10-11am,2018-06-29,10:00:00,35,18,1299.0,2018,6,29,Friday
SBP,Body Cond 10.30-11.30am,2018-06-06,10:30:00,35,23,1299.0,2018,6,6,Wednesday
SBP,Body Cond 10.30-11.30am,2018-06-13,10:30:00,35,22,1299.0,2018,6,13,Wednesday
SBP,Body Cond 10.30-11.30am,2018-06-20,10:30:00,35,18,1299.0,2018,6,20,Wednesday
SBP,Body Cond 10.30-11.30am,2018-06-27,10:30:00,35,27,1299.0,2018,6,27,Wednesday
SBP,Body Conditioning 8-9pm,2018-06-04,20:00:00,35,19,1299.0,2018,6,4,Monday
SBP,Body Conditioning 8-9pm,2018-06-11,20:00:00,35,13,1299.0,2018,6,11,Monday
SBP,Body Conditioning 8-9pm,2018-06-18,20:00:00,35,20,1299.0,2018,6,18,Monday
SBP,Body Conditioning 8-9pm,2018-06-25,20:00:00,35,11,1299.0,2018,6,25,Monday
SBP,Circuits 7 -7.45 Am,2018-06-05,7:00:00,20,14,2999.0,2018,6,5,Tuesday
SBP,Circuits 7 -7.45 Am,2018-06-12,7:00:00,20,10,2999.0,2018,6,12,Tuesday
SBP,Circuits 7 -7.45 Am,2018-06-19,7:00:00,20,10,2999.0,2018,6,19,Tuesday
SBP,Circuits 7 -7.45 Am,2018-06-26,7:00:00,20,11,2999.0,2018,6,26,Tuesday
SBP,Ex Better Living Team,2018-06-27,14:00:00,30,1,1499.0,2018,6,27,Wednesday
SBP,Family Bootcamp 4-4.45pm,2018-06-06,16:00:00,30,2,3999.0,2018,6,6,Wednesday
SBP,Family Bootcamp 4-4.45pm,2018-06-20,16:00:00,30,1,3999.0,2018,6,20,Wednesday
SBP,Family Bootcamp 4-4.45pm,2018-06-27,16:00:00,30,4,3999.0,2018,6,27,Wednesday
SBP,Fusion   6.00-7.00pm,2018-06-06,18:00:00,40,30,999.0,2018,6,6,Wednesday
SBP,Fusion   6.00-7.00pm,2018-06-13,18:00:00,40,23,999.0,2018,6,13,Wednesday
SBP,Fusion   6.00-7.00pm,2018-06-20,18:00:00,40,23,999.0,2018,6,20,Wednesday
SBP,Fusion   6.00-7.00pm,2018-06-27,18:00:00,40,20,999.0,2018,6,27,Wednesday
SBP,H.I.I.T 9.30-10.30am,2018-06-04,9:30:00,35,11,2499.0,2018,6,4,Monday
SBP,H.I.I.T 9.30-10.30am,2018-06-11,9:30:00,35,16,2499.0,2018,6,11,Monday
SBP,H.I.I.T 9.30-10.30am,2018-06-18,9:30:00,35,13,2499.0,2018,6,18,Monday
SBP,H.I.I.T 9.30-10.30am,2018-06-25,9:30:00,35,11,2499.0,2018,6,25,Monday
SBP,H.I.I.T.  5.00-6.00pm,2018-06-01,17:00:00,30,5,2499.0,2018,6,1,Friday
SBP,H.I.I.T.  5.00-6.00pm,2018-06-08,17:00:00,30,7,2499.0,2018,6,8,Friday
SBP,H.I.I.T.  5.00-6.00pm,2018-06-22,17:00:00,30,6,2499.0,2018,6,22,Friday
SBP,H.I.I.T.  5.00-6.00pm,2018-06-29,17:00:00,30,8,2499.0,2018,6,29,Friday
SBP,Hatton A B C 6-7.00pm,2018-06-05,18:00:00,30,17,1999.0,2018,6,5,Tuesday
SBP,Hatton A B C 6-7.00pm,2018-06-12,18:00:00,30,18,1999.0,2018,6,12,Tuesday
SBP,Hatton A B C 6-7.00pm,2018-06-19,18:00:00,30,23,1999.0,2018,6,19,Tuesday
SBP,Hatton A B C 6-7.00pm,2018-06-26,18:00:00,30,21,1999.0,2018,6,26,Tuesday
SBP,Hatton A B C 7-8am,2018-06-07,7:30:00,20,5,1999.0,2018,6,7,Thursday
SBP,Hatton A B C 7-8am,2018-06-14,7:30:00,20,7,1999.0,2018,6,14,Thursday
SBP,Hatton A B C 7-8am,2018-06-21,7:30:00,20,9,1999.0,2018,6,21,Thursday
SBP,Hatton A B C 7-8am,2018-06-28,7:30:00,20,8,1999.0,2018,6,28,Thursday
SBP,Hiit Circuit 9.30 - 10.30,2018-06-02,9:30:00,25,8,2499.0,2018,6,2,Saturday
SBP,Hiit Circuit 9.30 - 10.30,2018-06-09,9:30:00,25,18,2499.0,2018,6,9,Saturday
SBP,Hiit Circuit 9.30 - 10.30,2018-06-16,9:30:00,25,13,2499.0,2018,6,16,Saturday
SBP,Hiit Circuit 9.30 - 10.30,2018-06-23,9:30:00,25,17,2499.0,2018,6,23,Saturday
SBP,Hiit Circuit 9.30 - 10.30,2018-06-30,9:30:00,25,12,2499.0,2018,6,30,Saturday
SBP,Insanity 5:00-6:00pm,2018-06-07,17:00:00,35,10,3999.0,2018,6,7,Thursday
SBP,Insanity 5:00-6:00pm,2018-06-14,17:00:00,35,9,3999.0,2018,6,14,Thursday
SBP,Insanity 5:00-6:00pm,2018-06-21,17:00:00,35,5,3999.0,2018,6,21,Thursday
SBP,Insanity 5:00-6:00pm,2018-06-28,17:00:00,35,5,3999.0,2018,6,28,Thursday
SBP,Jun Induction 12.30,2018-06-02,12:30:00,4,1,1999.0,2018,6,2,Saturday
SBP,Jun Induction 12.30,2018-06-09,12:30:00,4,1,1999.0,2018,6,9,Saturday
SBP,Jun Induction 12.30,2018-06-16,12:30:00,4,4,1999.0,2018,6,16,Saturday
SBP,Junior Gym 3.30-5.00pm,2018-06-07,15:30:00,10,2,2999.0,2018,6,7,Thursday
SBP,Junior Gym 3.30-5.00pm,2018-06-08,15:30:00,10,1,2999.0,2018,6,8,Friday
SBP,Junior Gym 3.30-5.00pm,2018-06-21,15:30:00,10,2,2999.0,2018,6,21,Thursday
SBP,Legs Bums Tums 10-11am,2018-06-05,10:00:00,35,21,1999.0,2018,6,5,Tuesday
SBP,Legs Bums Tums 10-11am,2018-06-12,10:00:00,35,21,1999.0,2018,6,12,Tuesday
SBP,Legs Bums Tums 10-11am,2018-06-19,10:00:00,35,15,1999.0,2018,6,19,Tuesday
SBP,Legs Bums Tums 10-11am,2018-06-26,10:00:00,35,24,1999.0,2018,6,26,Tuesday
SBP,Line Dancing 1.30-2.30pm,2018-06-01,13:30:00,35,4,1499.0,2018,6,1,Friday
SBP,Line Dancing 1.30-2.30pm,2018-06-08,13:30:00,35,9,1499.0,2018,6,8,Friday
SBP,Line Dancing 1.30-2.30pm,2018-06-15,13:30:00,35,8,1499.0,2018,6,15,Friday
SBP,Line Dancing 1.30-2.30pm,2018-06-22,13:30:00,35,9,1499.0,2018,6,22,Friday
SBP,Line Dancing 1.30-2.30pm,2018-06-29,13:30:00,35,5,1499.0,2018,6,29,Friday
SBP,M M A Cond 8.30-9.30am,2018-06-02,8:30:00,20,10,3999.0,2018,6,2,Saturday
SBP,M M A Cond 8.30-9.30am,2018-06-09,8:30:00,20,14,3999.0,2018,6,9,Saturday
SBP,M M A Cond 8.30-9.30am,2018-06-16,8:30:00,20,7,3999.0,2018,6,16,Saturday
SBP,M M A Cond 8.30-9.30am,2018-06-23,8:30:00,20,12,3999.0,2018,6,23,Saturday
SBP,M M A Cond 8.30-9.30am,2018-06-30,8:30:00,20,6,3999.0,2018,6,30,Saturday
SBP,Metafit 4.30-5.00pm,2018-06-07,16:30:00,35,10,1999.0,2018,6,7,Thursday
SBP,Metafit 4.30-5.00pm,2018-06-14,16:30:00,35,5,1999.0,2018,6,14,Thursday
SBP,Metafit 4.30-5.00pm,2018-06-21,16:30:00,35,4,1999.0,2018,6,21,Thursday
SBP,Metafit 4.30-5.00pm,2018-06-28,16:30:00,35,5,1999.0,2018,6,28,Thursday
SBP,Pilates 8.00pm-9.00pm,2018-06-05,20:00:00,35,21,2999.0,2018,6,5,Tuesday
SBP,Pilates 8.00pm-9.00pm,2018-06-12,20:00:00,35,28,2999.0,2018,6,12,Tuesday
SBP,Pilates 8.00pm-9.00pm,2018-06-19,20:00:00,35,33,2999.0,2018,6,19,Tuesday
SBP,Pilates 8.00pm-9.00pm,2018-06-26,20:00:00,35,26,2999.0,2018,6,26,Tuesday
SBP,Pure Stretch 8-9pm,2018-06-06,20:00:00,35,17,999.0,2018,6,6,Wednesday
SBP,Pure Stretch 8-9pm,2018-06-13,20:00:00,35,19,999.0,2018,6,13,Wednesday
SBP,Pure Stretch 8-9pm,2018-06-20,20:00:00,35,25,999.0,2018,6,20,Wednesday
SBP,Pure Stretch 8-9pm,2018-06-27,20:00:00,35,14,999.0,2018,6,27,Wednesday
SBP,Pure Stretch 12.00-1.00pm,2018-06-07,12:00:00,35,14,999.0,2018,6,7,Thursday
SBP,Pure Stretch 12.00-1.00pm,2018-06-14,12:00:00,35,14,999.0,2018,6,14,Thursday
SBP,Pure Stretch 12.00-1.00pm,2018-06-21,12:00:00,35,12,999.0,2018,6,21,Thursday
SBP,Pure Stretch 12.00-1.00pm,2018-06-28,12:00:00,35,9,999.0,2018,6,28,Thursday
SBP,Step Zumba 6.00-7.00pm,2018-06-07,18:00:00,30,18,1999.0,2018,6,7,Thursday
SBP,Step Zumba 6.00-7.00pm,2018-06-14,18:00:00,30,10,1999.0,2018,6,14,Thursday
SBP,Step Zumba 6.00-7.00pm,2018-06-21,18:00:00,30,16,1999.0,2018,6,21,Thursday
SBP,Step Zumba 6.00-7.00pm,2018-06-28,18:00:00,30,6,1999.0,2018,6,28,Thursday
SBP,Stretch 6pm -7pm,2018-06-04,18:00:00,35,25,999.0,2018,6,4,Monday
SBP,Stretch 6pm -7pm,2018-06-11,18:00:00,35,18,999.0,2018,6,11,Monday
SBP,Stretch 6pm -7pm,2018-06-18,18:00:00,35,22,999.0,2018,6,18,Monday
SBP,Stretch 6pm -7pm,2018-06-25,18:00:00,35,17,999.0,2018,6,25,Monday
SBP,Stretch   11.30-12.30pm,2018-06-06,11:30:00,35,12,999.0,2018,6,6,Wednesday
SBP,Stretch   11.30-12.30pm,2018-06-13,11:30:00,35,15,999.0,2018,6,13,Wednesday
SBP,Stretch   11.30-12.30pm,2018-06-20,11:30:00,35,8,999.0,2018,6,20,Wednesday
SBP,Stretch   11.30-12.30pm,2018-06-27,11:30:00,35,13,999.0,2018,6,27,Wednesday
SBP,Swimfit 7am-8am,2018-06-02,7:30:00,29,17,1499.0,2018,6,2,Saturday
SBP,Swimfit 7am-8am,2018-06-09,7:30:00,29,10,1499.0,2018,6,9,Saturday
SBP,Swimfit 7am-8am,2018-06-16,7:30:00,29,23,1499.0,2018,6,16,Saturday
SBP,Swimfit 7am-8am,2018-06-23,7:30:00,29,17,1499.0,2018,6,23,Saturday
SBP,Swimfit 7am-8am,2018-06-30,7:30:00,29,17,1499.0,2018,6,30,Saturday
SBP,Wm Better Living Team,2018-06-06,13:00:00,30,1,1999.0,2018,6,6,Wednesday
TSC,5.30-6.30pm Body Cond,2018-06-05,17:30:00,24,14,1299.0,2018,6,5,Tuesday
TSC,5.30-6.30pm Body Cond,2018-06-12,17:30:00,24,13,1299.0,2018,6,12,Tuesday
TSC,5.30-6.30pm Body Cond,2018-06-19,17:30:00,24,7,1299.0,2018,6,19,Tuesday
TSC,5.30-6.30pm Body Cond,2018-06-26,17:30:00,24,2,1299.0,2018,6,26,Tuesday
TSC,6.30-7.30pm Combat Aero,2018-06-05,18:30:00,24,6,1499.0,2018,6,5,Tuesday
TSC,6.30-7.30pm Combat Aero,2018-06-12,18:30:00,24,6,1499.0,2018,6,12,Tuesday
TSC,6.30-7.30pm Combat Aero,2018-06-19,18:30:00,24,10,1499.0,2018,6,19,Tuesday
TSC,6.30-7.30pm Combat Aero,2018-06-26,18:30:00,24,5,1499.0,2018,6,26,Tuesday
TSC,20-20-20 7.00-8.00pm,2018-06-06,19:00:00,24,8,499.0,2018,6,6,Wednesday
TSC,20-20-20 7.00-8.00pm,2018-06-13,19:00:00,24,7,499.0,2018,6,13,Wednesday
TSC,20-20-20 7.00-8.00pm,2018-06-20,19:00:00,24,7,499.0,2018,6,20,Wednesday
TSC,20-20-20 7.00-8.00pm,2018-06-27,19:00:00,24,10,499.0,2018,6,27,Wednesday
TSC,Aqua Zumba  12.00-1.00pm,2018-06-01,12:00:00,25,14,1999.0,2018,6,1,Friday
TSC,Aqua Zumba  12.00-1.00pm,2018-06-08,12:00:00,25,14,1999.0,2018,6,8,Friday
TSC,Aqua Zumba  12.00-1.00pm,2018-06-15,12:00:00,25,1,1999.0,2018,6,15,Friday
TSC,Aqua Zumba  12.00-1.00pm,2018-06-22,12:00:00,25,1,1999.0,2018,6,22,Friday
TSC,Aqua Zumba  12.00-1.00pm,2018-06-29,12:00:00,25,19,1999.0,2018,6,29,Friday
TSC,Aquafit 3.00-3.45pm,2018-06-05,15:00:00,25,17,999.0,2018,6,5,Tuesday
TSC,Aquafit 3.00-3.45pm,2018-06-12,15:00:00,25,13,999.0,2018,6,12,Tuesday
TSC,Aquafit 3.00-3.45pm,2018-06-19,15:00:00,25,1,999.0,2018,6,19,Tuesday
TSC,Aquafit 3.00-3.45pm,2018-06-26,15:00:00,25,14,999.0,2018,6,26,Tuesday
TSC,Aquafit 7.15-8.15pm,2018-06-05,19:15:00,25,22,999.0,2018,6,5,Tuesday
TSC,Aquafit 7.15-8.15pm,2018-06-07,19:15:00,25,1,999.0,2018,6,7,Thursday
TSC,Aquafit 7.15-8.15pm,2018-06-12,19:15:00,25,18,999.0,2018,6,12,Tuesday
TSC,Aquafit 7.15-8.15pm,2018-06-14,19:15:00,25,16,999.0,2018,6,14,Thursday
TSC,Aquafit 7.15-8.15pm,2018-06-19,19:15:00,25,1,999.0,2018,6,19,Tuesday
TSC,Aquafit 7.15-8.15pm,2018-06-21,19:15:00,25,11,999.0,2018,6,21,Thursday
TSC,Aquafit 7.15-8.15pm,2018-06-26,19:15:00,25,13,999.0,2018,6,26,Tuesday
TSC,Aquafit 7.15-8.15pm,2018-06-28,19:15:00,25,13,999.0,2018,6,28,Thursday
TSC,Aquafit Beginners 10-11am,2018-06-07,10:00:00,25,19,999.0,2018,6,7,Thursday
TSC,Aquafit Beginners 10-11am,2018-06-14,10:00:00,25,18,999.0,2018,6,14,Thursday
TSC,Aquafit Beginners 10-11am,2018-06-21,10:00:00,25,1,999.0,2018,6,21,Thursday
TSC,Aquafit Beginners 10-11am,2018-06-28,10:00:00,25,18,999.0,2018,6,28,Thursday
TSC,Aquatots-11.00-11.45am,2018-06-01,11:00:00,15,5,999.0,2018,6,1,Friday
TSC,Aquatots-11.00-11.45am,2018-06-08,11:00:00,15,5,999.0,2018,6,8,Friday
TSC,Aquatots-11.00-11.45am,2018-06-29,11:00:00,15,2,999.0,2018,6,29,Friday
TSC,B L T- Weight Manage Clas,2018-06-05,13:15:00,25,1,1499.0,2018,6,5,Tuesday
TSC,Bar Pilate 11.30-12.30pm,2018-06-01,11:30:00,24,12,2999.0,2018,6,1,Friday
TSC,Bar Pilate 11.30-12.30pm,2018-06-08,11:30:00,24,5,2999.0,2018,6,8,Friday
TSC,Bar Pilate 11.30-12.30pm,2018-06-15,11:30:00,24,8,2999.0,2018,6,15,Friday
TSC,Bar Pilate 11.30-12.30pm,2018-06-22,11:30:00,24,8,2999.0,2018,6,22,Friday
TSC,Bar Pilate 11.30-12.30pm,2018-06-29,11:30:00,24,5,2999.0,2018,6,29,Friday
TSC,Barre Pilates 8.30-9.30am,2018-06-02,8:30:00,24,19,2999.0,2018,6,2,Saturday
TSC,Barre Pilates 8.30-9.30am,2018-06-09,8:30:00,24,16,2999.0,2018,6,9,Saturday
TSC,Barre Pilates 8.30-9.30am,2018-06-16,8:30:00,24,14,2999.0,2018,6,16,Saturday
TSC,Barre Pilates 8.30-9.30am,2018-06-23,8:30:00,24,14,2999.0,2018,6,23,Saturday
TSC,Barre Pilates 8.30-9.30am,2018-06-30,8:30:00,24,11,2999.0,2018,6,30,Saturday
TSC,Body Con 1.45-2.30pm,2018-06-01,13:45:00,24,7,1299.0,2018,6,1,Friday
TSC,Body Con 1.45-2.30pm,2018-06-08,13:45:00,24,8,1299.0,2018,6,8,Friday
TSC,Body Con 1.45-2.30pm,2018-06-15,13:45:00,24,6,1299.0,2018,6,15,Friday
TSC,Body Con 1.45-2.30pm,2018-06-22,13:45:00,24,5,1299.0,2018,6,22,Friday
TSC,Body Con 1.45-2.30pm,2018-06-29,13:45:00,24,4,1299.0,2018,6,29,Friday
TSC,Body Con 09.30-10.30am,2018-06-04,9:30:00,24,9,1299.0,2018,6,4,Monday
TSC,Body Con 09.30-10.30am,2018-06-11,9:30:00,24,16,1299.0,2018,6,11,Monday
TSC,Body Con 09.30-10.30am,2018-06-18,9:30:00,24,20,1299.0,2018,6,18,Monday
TSC,Body Con 09.30-10.30am,2018-06-25,9:30:00,24,15,1299.0,2018,6,25,Monday
TSC,Body Con 11.30am-12.30pm,2018-06-06,11:30:00,24,8,1299.0,2018,6,6,Wednesday
TSC,Body Con 11.30am-12.30pm,2018-06-13,11:30:00,24,9,1299.0,2018,6,13,Wednesday
TSC,Body Con 11.30am-12.30pm,2018-06-20,11:30:00,24,10,1299.0,2018,6,20,Wednesday
TSC,Body Con 11.30am-12.30pm,2018-06-27,11:30:00,24,5,1299.0,2018,6,27,Wednesday
TSC,Body Cond 9.30-10.15am,2018-06-02,9:30:00,24,16,1299.0,2018,6,2,Saturday
TSC,Body Cond 9.30-10.15am,2018-06-09,9:30:00,24,10,1299.0,2018,6,9,Saturday
TSC,Body Cond 9.30-10.15am,2018-06-16,9:30:00,24,8,1299.0,2018,6,16,Saturday
TSC,Body Cond 9.30-10.15am,2018-06-23,9:30:00,24,7,1299.0,2018,6,23,Saturday
TSC,Body Cond 9.30-10.15am,2018-06-30,9:30:00,24,7,1299.0,2018,6,30,Saturday
TSC,Body Conditioning 10-11am,2018-06-01,10:00:00,30,10,1299.0,2018,6,1,Friday
TSC,Body Conditioning 10-11am,2018-06-03,10:00:00,30,20,1299.0,2018,6,3,Sunday
TSC,Body Conditioning 10-11am,2018-06-08,10:00:00,30,13,1299.0,2018,6,8,Friday
TSC,Body Conditioning 10-11am,2018-06-10,10:00:00,30,13,1299.0,2018,6,10,Sunday
TSC,Body Conditioning 10-11am,2018-06-15,10:00:00,30,12,1299.0,2018,6,15,Friday
TSC,Body Conditioning 10-11am,2018-06-17,10:00:00,30,19,1299.0,2018,6,17,Sunday
TSC,Body Conditioning 10-11am,2018-06-22,10:00:00,30,13,1299.0,2018,6,22,Friday
TSC,Body Conditioning 10-11am,2018-06-24,10:00:00,30,8,1299.0,2018,6,24,Sunday
TSC,Body Conditioning 10-11am,2018-06-29,10:00:00,30,11,1299.0,2018,6,29,Friday
TSC,Circuits 5.30-6.30pm,2018-06-04,17:30:00,50,10,2999.0,2018,6,4,Monday
TSC,Circuits 5.30-6.30pm,2018-06-11,17:30:00,50,14,2999.0,2018,6,11,Monday
TSC,Circuits 5.30-6.30pm,2018-06-18,17:30:00,50,8,2999.0,2018,6,18,Monday
TSC,Circuits 5.30-6.30pm,2018-06-25,17:30:00,50,8,2999.0,2018,6,25,Monday
TSC,Circuits 7.15-8.15pm,2018-06-07,19:15:00,50,22,2999.0,2018,6,7,Thursday
TSC,Circuits 7.15-8.15pm,2018-06-14,19:15:00,50,18,2999.0,2018,6,14,Thursday
TSC,Circuits 7.15-8.15pm,2018-06-21,19:15:00,50,18,2999.0,2018,6,21,Thursday
TSC,Circuits 7.15-8.15pm,2018-06-28,19:15:00,50,6,2999.0,2018,6,28,Thursday
TSC,Fitnes Pilate-11.00-12.00,2018-06-05,11:00:00,24,23,2999.0,2018,6,5,Tuesday
TSC,Fitnes Pilate-11.00-12.00,2018-06-12,11:00:00,24,20,2999.0,2018,6,12,Tuesday
TSC,Fitnes Pilate-11.00-12.00,2018-06-19,11:00:00,24,20,2999.0,2018,6,19,Tuesday
TSC,Fitnes Pilate-11.00-12.00,2018-06-26,11:00:00,24,17,2999.0,2018,6,26,Tuesday
TSC,Fitnes Pilates2.30-3.15pm,2018-06-01,14:30:00,24,9,2999.0,2018,6,1,Friday
TSC,Fitnes Pilates2.30-3.15pm,2018-06-08,14:30:00,24,13,2999.0,2018,6,8,Friday
TSC,Fitnes Pilates2.30-3.15pm,2018-06-15,14:30:00,24,10,2999.0,2018,6,15,Friday
TSC,Fitnes Pilates2.30-3.15pm,2018-06-22,14:30:00,24,11,2999.0,2018,6,22,Friday
TSC,Fitnes Pilates2.30-3.15pm,2018-06-29,14:30:00,24,6,2999.0,2018,6,29,Friday
TSC,Gentle Keep Fit 2 -3.00pm,2018-06-05,14:00:00,30,9,999.0,2018,6,5,Tuesday
TSC,Gentle Keep Fit 2 -3.00pm,2018-06-06,14:00:00,30,8,999.0,2018,6,6,Wednesday
TSC,Gentle Keep Fit 2 -3.00pm,2018-06-12,14:00:00,30,9,999.0,2018,6,12,Tuesday
TSC,Gentle Keep Fit 2 -3.00pm,2018-06-13,14:00:00,30,10,999.0,2018,6,13,Wednesday
TSC,Gentle Keep Fit 2 -3.00pm,2018-06-19,14:00:00,30,8,999.0,2018,6,19,Tuesday
TSC,Gentle Keep Fit 2 -3.00pm,2018-06-20,14:00:00,30,10,999.0,2018,6,20,Wednesday
TSC,Gentle Keep Fit 2 -3.00pm,2018-06-26,14:00:00,30,5,999.0,2018,6,26,Tuesday
TSC,Gentle Keep Fit 2 -3.00pm,2018-06-27,14:00:00,30,6,999.0,2018,6,27,Wednesday
TSC,Leg Bum Tum 5.30-6.30pm,2018-06-04,17:30:00,24,11,1999.0,2018,6,4,Monday
TSC,Leg Bum Tum 5.30-6.30pm,2018-06-11,17:30:00,24,7,1999.0,2018,6,11,Monday
TSC,Leg Bum Tum 5.30-6.30pm,2018-06-18,17:30:00,24,8,1999.0,2018,6,18,Monday
TSC,Leg Bum Tum 5.30-6.30pm,2018-06-25,17:30:00,24,9,1999.0,2018,6,25,Monday
TSC,Legs Bums Tum 6.00-7.00pm,2018-06-06,18:00:00,24,9,1999.0,2018,6,6,Wednesday
TSC,Legs Bums Tum 6.00-7.00pm,2018-06-13,18:00:00,24,8,1999.0,2018,6,13,Wednesday
TSC,Legs Bums Tum 6.00-7.00pm,2018-06-20,18:00:00,24,7,1999.0,2018,6,20,Wednesday
TSC,Legs Bums Tum 6.00-7.00pm,2018-06-27,18:00:00,24,3,1999.0,2018,6,27,Wednesday
TSC,Metafit 5.30-6.00pm,2018-06-06,17:30:00,24,7,1999.0,2018,6,6,Wednesday
TSC,Metafit 5.30-6.00pm,2018-06-13,17:30:00,24,6,1999.0,2018,6,13,Wednesday
TSC,Metafit 5.30-6.00pm,2018-06-20,17:30:00,24,7,1999.0,2018,6,20,Wednesday
TSC,Metafit 5.30-6.00pm,2018-06-27,17:30:00,24,3,1999.0,2018,6,27,Wednesday
TSC,Pilates 9.30-10.30am,2018-06-01,9:30:00,24,22,2999.0,2018,6,1,Friday
TSC,Pilates 9.30-10.30am,2018-06-06,9:30:00,24,23,2999.0,2018,6,6,Wednesday
TSC,Pilates 9.30-10.30am,2018-06-08,9:30:00,24,23,2999.0,2018,6,8,Friday
TSC,Pilates 9.30-10.30am,2018-06-13,9:30:00,24,24,2999.0,2018,6,13,Wednesday
TSC,Pilates 9.30-10.30am,2018-06-15,9:30:00,24,24,2999.0,2018,6,15,Friday
TSC,Pilates 9.30-10.30am,2018-06-20,9:30:00,24,24,2999.0,2018,6,20,Wednesday
TSC,Pilates 9.30-10.30am,2018-06-22,9:30:00,24,24,2999.0,2018,6,22,Friday
TSC,Pilates 9.30-10.30am,2018-06-27,9:30:00,24,22,2999.0,2018,6,27,Wednesday
TSC,Pilates 9.30-10.30am,2018-06-29,9:30:00,24,21,2999.0,2018,6,29,Friday
TSC,Step 6-7pm,2018-06-07,18:00:00,14,11,1999.0,2018,6,7,Thursday
TSC,Step 6-7pm,2018-06-14,18:00:00,14,13,1999.0,2018,6,14,Thursday
TSC,Step 6-7pm,2018-06-21,18:00:00,14,15,1999.0,2018,6,21,Thursday
TSC,Step 6-7pm,2018-06-28,18:00:00,14,15,1999.0,2018,6,28,Thursday
TSC,Step- 10.00-11.00am,2018-06-05,10:00:00,20,7,1999.0,2018,6,5,Tuesday
TSC,Step- 10.00-11.00am,2018-06-12,10:00:00,20,11,1999.0,2018,6,12,Tuesday
TSC,Step- 10.00-11.00am,2018-06-19,10:00:00,20,12,1999.0,2018,6,19,Tuesday
TSC,Step- 10.00-11.00am,2018-06-26,10:00:00,20,9,1999.0,2018,6,26,Tuesday
TSC,Stretch Ntone12.30-1.30pm,2018-06-06,12:30:00,24,9,1499.0,2018,6,6,Wednesday
TSC,Stretch Ntone12.30-1.30pm,2018-06-13,12:30:00,24,7,1499.0,2018,6,13,Wednesday
TSC,Stretch Ntone12.30-1.30pm,2018-06-20,12:30:00,24,8,1499.0,2018,6,20,Wednesday
TSC,Stretch Ntone12.30-1.30pm,2018-06-27,12:30:00,24,5,1499.0,2018,6,27,Wednesday
TSC,Strokeskill 19.15-20.15pm,2018-06-07,19:15:00,12,4,2999.0,2018,6,7,Thursday
TSC,Strokeskill 19.15-20.15pm,2018-06-14,19:15:00,12,7,2999.0,2018,6,14,Thursday
TSC,Strokeskill 19.15-20.15pm,2018-06-21,19:15:00,12,5,2999.0,2018,6,21,Thursday
TSC,Strokeskill 19.15-20.15pm,2018-06-28,19:15:00,12,4,2999.0,2018,6,28,Thursday
TSC,Swim Fit-20.15-21.15pm,2018-06-07,20:15:00,18,10,1499.0,2018,6,7,Thursday
TSC,Swim Fit-20.15-21.15pm,2018-06-14,20:15:00,18,10,1499.0,2018,6,14,Thursday
TSC,Swim Fit-20.15-21.15pm,2018-06-21,20:15:00,18,11,1499.0,2018,6,21,Thursday
TSC,Swim Fit-20.15-21.15pm,2018-06-28,20:15:00,18,5,1499.0,2018,6,28,Thursday
TSC,Yoga 1.45-2.45pm,2018-06-04,13:45:00,24,6,1999.0,2018,6,4,Monday
TSC,Yoga 1.45-2.45pm,2018-06-11,13:45:00,24,5,1999.0,2018,6,11,Monday
TSC,Yoga 1.45-2.45pm,2018-06-18,13:45:00,24,6,1999.0,2018,6,18,Monday
TSC,Yoga 1.45-2.45pm,2018-06-25,13:45:00,24,4,1999.0,2018,6,25,Monday
TSC,Yoga 10.30-11.30am,2018-06-01,10:30:00,24,20,1999.0,2018,6,1,Friday
TSC,Yoga 10.30-11.30am,2018-06-06,10:30:00,24,21,1999.0,2018,6,6,Wednesday
TSC,Yoga 10.30-11.30am,2018-06-08,10:30:00,24,20,1999.0,2018,6,8,Friday
TSC,Yoga 10.30-11.30am,2018-06-13,10:30:00,24,24,1999.0,2018,6,13,Wednesday
TSC,Yoga 10.30-11.30am,2018-06-15,10:30:00,24,22,1999.0,2018,6,15,Friday
TSC,Yoga 10.30-11.30am,2018-06-20,10:30:00,24,21,1999.0,2018,6,20,Wednesday
TSC,Yoga 10.30-11.30am,2018-06-22,10:30:00,24,19,1999.0,2018,6,22,Friday
TSC,Yoga 10.30-11.30am,2018-06-27,10:30:00,24,21,1999.0,2018,6,27,Wednesday
TSC,Yoga 10.30-11.30am,2018-06-29,10:30:00,24,22,1999.0,2018,6,29,Friday
TSC,Yoga 12.45-1.45pm,2018-06-04,12:45:00,24,8,1999.0,2018,6,4,Monday
TSC,Yoga 12.45-1.45pm,2018-06-11,12:45:00,24,7,1999.0,2018,6,11,Monday
TSC,Yoga 12.45-1.45pm,2018-06-18,12:45:00,24,12,1999.0,2018,6,18,Monday
TSC,Yoga 12.45-1.45pm,2018-06-25,12:45:00,24,6,1999.0,2018,6,25,Monday
TSC,Yogalates 7.45-8.30pm,2018-06-05,19:30:00,24,11,2999.0,2018,6,5,Tuesday
TSC,Yogalates 7.45-8.30pm,2018-06-12,19:30:00,24,11,2999.0,2018,6,12,Tuesday
TSC,Yogalates 7.45-8.30pm,2018-06-19,19:30:00,24,10,2999.0,2018,6,19,Tuesday
TSC,Yogalates 7.45-8.30pm,2018-06-26,19:30:00,24,8,2999.0,2018,6,26,Tuesday
TSC,Yogalates 10.00-11.00am,2018-06-07,10:00:00,24,12,2999.0,2018,6,7,Thursday
TSC,Yogalates 10.00-11.00am,2018-06-14,10:00:00,24,7,2999.0,2018,6,14,Thursday
TSC,Yogalates 10.00-11.00am,2018-06-21,10:00:00,24,7,2999.0,2018,6,21,Thursday
TSC,Yogalates 10.00-11.00am,2018-06-28,10:00:00,24,5,2999.0,2018,6,28,Thursday
TSC,Yogalates 10.30-11.30am,2018-06-04,10:30:00,24,14,2999.0,2018,6,4,Monday
TSC,Yogalates 10.30-11.30am,2018-06-11,10:30:00,24,9,2999.0,2018,6,11,Monday
TSC,Yogalates 10.30-11.30am,2018-06-18,10:30:00,24,11,2999.0,2018,6,18,Monday
TSC,Yogalates 10.30-11.30am,2018-06-25,10:30:00,24,10,2999.0,2018,6,25,Monday
TSC,Zumba  6.30-7.30pm,2018-06-04,18:30:00,18,10,1299.0,2018,6,4,Monday
TSC,Zumba  6.30-7.30pm,2018-06-11,18:30:00,18,11,1299.0,2018,6,11,Monday
TSC,Zumba  6.30-7.30pm,2018-06-18,18:30:00,18,9,1299.0,2018,6,18,Monday
TSC,Zumba  6.30-7.30pm,2018-06-25,18:30:00,18,9,1299.0,2018,6,25,Monday
TSC,Zumba - 6-7pm,2018-06-07,18:00:00,50,16,1299.0,2018,6,7,Thursday
TSC,Zumba - 6-7pm,2018-06-14,18:00:00,50,13,1299.0,2018,6,14,Thursday
TSC,Zumba - 6-7pm,2018-06-21,18:00:00,50,12,1299.0,2018,6,21,Thursday
